id_cliente,nome,cognome,email,telefono,indirizzo,città,CAP,paese,data_registrazione
1,Eugenia,Caracciolo,eugenia.caracciolo@libero.it,3321819600,Canale Iolanda 6,Quarto Bianca,02654,Italia,2023-06-06
2,Giampiero,Morandini,giampiero.morandini@tim.it,6155940781,Vicolo Ferrabosco 1 Appartamento 34,Borgo Stefania lido,47525,Italia,2024-04-11
3,Giacobbe,Interiano,giacobbe.interiano@libero.it,8327648350,Strada Franceschi 5 Appartamento 76,Cocci salentino,38849,Italia,2024-08-03
4,Viridiana,Piane,viridiana.piane@gmail.com,2871012269,Stretto Amato 1 Piano 5,Sesto Raffaellino ligure,04828,Italia,2023-03-22
5,Susanna,Mancini,susanna.mancini@hotmail.com,2528809570,Borgo Tina 1,Quarto Patrizia lido,27824,Italia,2025-01-04
6,Sylvia,Ramazzotti,sylvia.ramazzotti@virgilio.it,4657871331,Piazza Benedetto 0,San Amedeo,18347,Italia,2023-09-05
7,Adriana,Cherubini,adriana.cherubini@yahoo.com,3763116566,Rotonda Cantimori 338,Cimarosa veneto,47317,Italia,2025-02-08
8,Cirillo,Benussi,cirillo.benussi@hotmail.it,1326773602,Contrada Ramazzotti 8 Piano 2,Sesto Gian,98050,Italia,2022-12-24
9,Bettina,Sinisi,bettina.sinisi@hotmail.com,0812191361,Incrocio Flavia 9,Giulio del friuli,34624,Italia,2024-09-17
10,Luchino,Bonolis,luchino.bonolis@libero.it,9911838425,Viale Roberta 4 Appartamento 84,Borgo Giustino lido,82449,Italia,2023-08-31
11,Letizia,Mozart,letizia.mozart@virgilio.it,8740164005,Stretto Aloisio 128 Appartamento 59,Quarto Dionigi,45053,Italia,2025-09-01
12,Gionata,Camilleri,gionata.camilleri@gmail.com,9232260256,Piazza Segrè 375,Pina del friuli,03654,Italia,2023-01-23
13,Martina,Liguori,martina.liguori@gmail.com,8501429401,Vicolo Tornatore 693 Piano 0,Abbagnale umbro,56159,Italia,2024-02-07
14,Francesca,Cattaneo,francesca.cattaneo@vodafone.it,6564823662,Contrada Ivan 699 Piano 7,Roth terme,87214,Italia,2024-12-16
15,Francesca,Monti,francesca.monti@libero.it,4332003791,Viale Piazzi 201,Galiazzo ligure,08317,Italia,2023-05-03
16,Nina,Scarpa,nina.scarpa@hotmail.com,7986872774,Contrada Ranieri 434 Piano 5,Borgo Enzo del friuli,23166,Italia,2024-03-05
17,Alessandra,Schiaparelli,alessandra.schiaparelli@gmail.com,3669096705,Borgo Lattuada 70,Morandi terme,27298,Italia,2022-11-18
18,Panfilo,Zecchini,panfilo.zecchini@libero.it,6272046537,Contrada Bragadin 08 Appartamento 53,San Margherita a mare,30923,Italia,2023-04-22
19,Salvatore,Carocci,salvatore.carocci@yahoo.com,7452991241,Borgo Borroni 3 Appartamento 49,Settimo Melissa a mare,86518,Italia,2025-07-09
20,Massimiliano,Anastasi,massimiliano.anastasi@gmail.com,1657262849,Rotonda Govoni 473 Piano 9,Morandi a mare,52735,Italia,2023-11-13
21,Massimiliano,Lippomano,massimiliano.lippomano@tele2.it,8083136783,Contrada Gianfrancesco 34,Salvatore umbro,68557,Italia,2023-12-02
22,Liberto,Gregorio,liberto.gregorio@tiscali.it,3518233749,Contrada Gianluigi 24,Settimo Dino salentino,08427,Italia,2023-03-16
23,Sylvia,Anastasi,sylvia.anastasi@yahoo.com,7775204711,Via Paola 4,Borgo Danilo umbro,99938,Italia,2024-05-20
24,Roberto,Rubbia,roberto.rubbia@vodafone.it,4990913341,Piazza Pierangelo 97,Amedeo del friuli,47134,Italia,2025-06-04
25,Bianca,Ficino,bianca.ficino@gmail.com,8324210249,Contrada Pinamonte 88,Romiti lido,65940,Italia,2023-02-26
26,Gianmarco,Argan,gianmarco.argan@fastwebnet.it,2787429671,Canale Campano 567 Piano 6,Quarto Camillo calabro,51680,Italia,2025-07-25
27,Susanna,Venier,susanna.venier@outlook.com,0385977034,Strada Badoer 9 Appartamento 24,Settimo Pier lido,17127,Italia,2024-01-04
28,Torquato,Leblanc,torquato.leblanc@gmail.com,7378263982,Piazza Longhena 4 Piano 2,Vasari nell'emilia,58867,Italia,2024-02-19
29,Susanna,Farnese,susanna.farnese@tiscali.it,3605766270,Viale Ciro 7 Appartamento 26,San Ruggiero,59615,Italia,2025-08-20
30,Sole,Ubaldi,sole.ubaldi@gmail.com,7809134316,Piazza Beffa 04,Nico veneto,38692,Italia,2023-06-29
31,Federico,Bosurgi,federico.bosurgi@tele2.it,9379237474,Viale Matteo 4,Greggio nell'emilia,36713,Italia,2024-05-22
32,Antonietta,Oliboni,antonietta.oliboni@yahoo.com,4064090974,Vicolo Giorgio 2,San Lodovico nell'emilia,95214,Italia,2024-02-27
33,Ludovica,Prada,ludovica.prada@alice.it,2858842474,Borgo Sonia 6,Carlo veneto,48175,Italia,2025-08-18
34,Luigina,Iacobucci,luigina.iacobucci@yahoo.com,5137098593,Via Antonino 471 Appartamento 38,Quarto Rodolfo,86926,Italia,2025-07-21
35,Cirillo,Stein,cirillo.stein@tele2.it,4053773515,Borgo Castellitto 13 Appartamento 05,Borgo Michela,18393,Italia,2023-10-04
36,Marcello,Comisso,marcello.comisso@tele2.it,4228421020,Via Giustino 268 Appartamento 17,Orengo umbro,78390,Italia,2025-07-27
37,Umberto,Manzoni,umberto.manzoni@outlook.com,0766177115,Vicolo Vespucci 5,Turchetta salentino,89611,Italia,2025-07-21
38,Fernanda,Villadicani,fernanda.villadicani@virgilio.it,7365766156,Strada Burcardo 161,Paola ligure,98851,Italia,2024-07-07
39,Michelangelo,Ramazzotti,michelangelo.ramazzotti@libero.it,9451983273,Contrada Antonina 689 Appartamento 94,Borgo Guarino sardo,55022,Italia,2025-03-05
40,Flavia,Piccio,flavia.piccio@libero.it,0183667525,Via Ermenegildo 0,Sesto Rembrandt terme,79764,Italia,2023-09-07
41,Margherita,Toscani,margherita.toscani@tim.it,6149784036,Borgo Cibin 45,San Stefano sardo,22683,Italia,2024-11-23
42,Annalisa,Nolcini,annalisa.nolcini@libero.it,0607159696,Rotonda Fausto 7 Piano 1,Camuccini del friuli,96816,Italia,2024-02-01
43,Lucrezia,Morosini,lucrezia.morosini@tiscali.it,2181883552,Via Chiara 127 Piano 9,Zeffirelli terme,52717,Italia,2024-08-24
44,Elvira,Marcacci,elvira.marcacci@fastwebnet.it,5814770054,Vicolo Vismara 0 Piano 9,Sesto Claudia,82071,Italia,2024-03-24
45,Laura,Branciforte,laura.branciforte@hotmail.com,0377889255,Canale Fabrizia 15 Appartamento 86,Giosuè sardo,51925,Italia,2024-02-01
46,Filippa,Pergolesi,filippa.pergolesi@tin.it,4865281685,Rotonda Marisa 33,Borgo Beppe,18880,Italia,2025-08-01
47,Martino,Chechi,martino.chechi@tele2.it,2229270653,Stretto Gino 73 Piano 9,Scalfaro salentino,88623,Italia,2025-05-04
48,Edoardo,Greggio,edoardo.greggio@libero.it,5818141247,Viale Valentina 06,Quarto Tiziano calabro,61530,Italia,2024-02-15
49,Cirillo,Monti,cirillo.monti@tin.it,0472779010,Contrada Gilberto 10 Appartamento 69,Boaga lido,98089,Italia,2023-10-18
50,Letizia,Colletti,letizia.colletti@vodafone.it,0953962185,Viale Battelli 6,Giosuè sardo,51531,Italia,2025-03-29
51,Lolita,Montanelli,lolita.montanelli@tin.it,5852772217,Piazza Luchino 86,Grisoni a mare,45054,Italia,2023-04-19
52,Nicoletta,Pacelli,nicoletta.pacelli@gmail.com,7652775841,Rotonda Camilleri 544,Redi ligure,57059,Italia,2024-08-13
53,Guglielmo,Bettoni,guglielmo.bettoni@libero.it,5820297021,Vicolo Eraldo 7 Piano 5,Borsiere laziale,85654,Italia,2023-10-30
54,Damiano,Aulenti,damiano.aulenti@alice.it,8681447394,Viale Fedele 7,Sesto Gelsomina calabro,88442,Italia,2025-09-29
55,Etta,Draghi,etta.draghi@gmail.com,1323705895,Contrada Paride 7,Pizzo laziale,25177,Italia,2025-08-29
56,Ugo,Murialdo,ugo.murialdo@tin.it,2680182422,Contrada Gabriele 8 Piano 2,Diana umbro,82992,Italia,2023-06-30
57,Flora,Moresi,flora.moresi@yahoo.com,0109439690,Borgo Pisani 71 Appartamento 27,Sorrentino nell'emilia,59255,Italia,2024-03-27
58,Pasqual,Ceschi,pasqual.ceschi@gmail.com,5371473210,Via Paoletta 95 Appartamento 27,Tarantino salentino,01687,Italia,2023-10-16
59,Giampiero,Niscoromni,giampiero.niscoromni@libero.it,4797480162,Incrocio Arnaldo 8 Appartamento 58,Benito veneto,84991,Italia,2023-04-25
60,Cipriano,Pertile,cipriano.pertile@gmail.com,8523986800,Via Totino 595 Appartamento 69,Carla calabro,94705,Italia,2024-03-05
61,Giada,Capecchi,giada.capecchi@gmail.com,0974993097,Canale Gioachino 913 Appartamento 75,Corbo veneto,68970,Italia,2023-05-10
62,Ugolino,Fogazzaro,ugolino.fogazzaro@hotmail.it,7865278585,Contrada Anita 34,Irma del friuli,57584,Italia,2023-12-29
63,Dario,Vento,dario.vento@gmail.com,5240415747,Via Cantimori 9 Appartamento 30,Borgo Arnaldo,65712,Italia,2022-10-16
64,Amalia,Cuda,amalia.cuda@gmail.com,7345401938,Incrocio Milena 24,San Lazzaro laziale,54788,Italia,2024-11-13
65,Veronica,Chigi,veronica.chigi@hotmail.com,4315274205,Incrocio Totino 16,Borgo Elladio nell'emilia,30463,Italia,2024-08-31
66,Marcella,Interiano,marcella.interiano@poste.it,9904530174,Canale Laureano 93 Appartamento 27,Quarto Ludovica,68783,Italia,2023-10-27
67,Giulia,Bragadin,giulia.bragadin@hotmail.com,8519108839,Strada Florio 9 Piano 1,Bertoli nell'emilia,86790,Italia,2025-02-22
68,Romolo,Mascagni,romolo.mascagni@libero.it,4039106518,Incrocio Errigo 656,Papafava veneto,82512,Italia,2025-01-19
69,Panfilo,Trupiano,panfilo.trupiano@tin.it,0047868633,Strada Amedeo 6 Appartamento 33,San Carolina a mare,90306,Italia,2024-08-19
70,Gianpaolo,Vecellio,gianpaolo.vecellio@virgilio.it,2843959953,Contrada Leone 892,Vivaldi nell'emilia,56856,Italia,2024-07-03
71,Enzio,Mantegazza,enzio.mantegazza@gmail.com,8733427086,Borgo Gualtieri 517,Carmelo umbro,04699,Italia,2022-12-08
72,Tatiana,Bonomo,tatiana.bonomo@virgilio.it,7354033173,Contrada Parpinel 85,Giulio calabro,71753,Italia,2024-05-05
73,Luca,Porcellato,luca.porcellato@libero.it,2048996423,Stretto Moresi 77,Dibiasi sardo,22872,Italia,2025-01-27
74,Eva,Biagiotti,eva.biagiotti@hotmail.com,1006231203,Canale Sraffa 088,Ammaniti a mare,84086,Italia,2023-07-13
75,Coriolano,Caffarelli,coriolano.caffarelli@hotmail.com,3398454615,Contrada Giulietta 016,Paolucci umbro,00217,Italia,2024-08-12
76,Fabia,Montanari,fabia.montanari@yahoo.com,8033974014,Piazza Fogazzaro 2,Borsiere salentino,93968,Italia,2024-03-06
77,Oreste,Cilibrasi,oreste.cilibrasi@libero.it,0163159996,Borgo Nordio 6 Piano 2,Briccialdi laziale,31142,Italia,2024-05-20
78,Lara,Cossiga,lara.cossiga@gmail.com,5110475412,Strada Aulenti 581 Piano 6,Sesto Piergiuseppe veneto,83982,Italia,2025-09-06
79,Nino,Donarelli,nino.donarelli@tin.it,4472126464,Canale Simone 9 Appartamento 71,Sesto Adriano,59657,Italia,2024-03-10
80,Puccio,Ciampi,puccio.ciampi@vodafone.it,9375265479,Rotonda Carnera 3 Appartamento 80,Foscari nell'emilia,16724,Italia,2023-10-18
81,Giosuè,Cossiga,giosuè.cossiga@gmail.com,1797968868,Borgo Flavia 5,Settimo Antonello,56101,Italia,2023-11-13
82,Gianfrancesco,Tonisto,gianfrancesco.tonisto@hotmail.com,7567982507,Via Maurilio 57,Settimo Saverio,71775,Italia,2023-01-20
83,Leonardo,Bazzi,leonardo.bazzi@tim.it,5123828258,Via Eugenia 6 Piano 0,Quarto Carla,60334,Italia,2025-10-05
84,Paloma,Boaga,paloma.boaga@yahoo.com,8255371478,Rotonda Mauro 92 Piano 9,Borgo Luca lido,41252,Italia,2024-12-09
85,Osvaldo,Prodi,osvaldo.prodi@tele2.it,9662782827,Vicolo Bernetti 07 Appartamento 36,Pizziol terme,67721,Italia,2025-03-04
86,Amadeo,Galuppi,amadeo.galuppi@vodafone.it,4384279788,Stretto Bassi 7 Appartamento 61,Sesto Tatiana,74517,Italia,2023-04-08
87,Maura,Ginesio,maura.ginesio@virgilio.it,9629233095,Contrada Luxardo 4,Borgo Luisa veneto,42232,Italia,2024-02-20
88,Renata,Gramsci,renata.gramsci@gmail.com,2946671168,Vicolo Acerbi 1 Piano 5,Settimo Paride del friuli,37454,Italia,2024-03-15
89,Allegra,Ceschi,allegra.ceschi@yahoo.com,5001701277,Via Leonardi 541,Gabriella terme,06436,Italia,2025-07-22
90,Carlo,Cadorna,carlo.cadorna@libero.it,7129387005,Borgo Oreste 115 Piano 4,Quarto Matilda,21890,Italia,2025-05-13
91,Federica,Dallara,federica.dallara@outlook.com,3269731121,Via Granatelli 13 Piano 0,Geronimo umbro,64037,Italia,2024-05-29
92,Costanzo,Giusti,costanzo.giusti@live.com,8055269658,Piazza Giuseppe 006,Eliana sardo,66188,Italia,2025-05-21
93,Eraldo,Letta,eraldo.letta@libero.it,1832856914,Incrocio Daniele 99,Sesto Gelsomina sardo,10202,Italia,2024-11-17
94,Mattia,Treves,mattia.treves@hotmail.com,2524105648,Viale Torlonia 07,Sesto Ermenegildo,19138,Italia,2022-10-11
95,Antonello,Anastasi,antonello.anastasi@tiscali.it,7562208635,Vicolo Niccolò 802 Appartamento 80,Bompiani nell'emilia,45187,Italia,2022-10-20
96,Nanni,Filogamo,nanni.filogamo@vodafone.it,9375973832,Canale Aloisio 06,Coluccio del friuli,67024,Italia,2023-03-01
97,Antonello,Giannelli,antonello.giannelli@hotmail.com,5719182619,Contrada Giulio 65,Rocco salentino,13291,Italia,2023-06-06
98,Coriolano,Dallara,coriolano.dallara@outlook.com,5618537474,Borgo Romana 21 Appartamento 56,Sesto Giulio ligure,67883,Italia,2023-03-04
99,Romolo,Camanni,romolo.camanni@tin.it,0032365199,Canale Renzo 151,Quarto Armando ligure,67066,Italia,2023-07-03
100,Michelangelo,Gabbana,michelangelo.gabbana@alice.it,4720999347,Contrada Oreste 638,Settimo Nadia,65787,Italia,2024-03-25
101,Annunziata,Tebaldi,annunziata.tebaldi@poste.it,4205930407,Strada Gioffre 3,Vittorio sardo,39652,Italia,2023-07-08
102,Gilberto,Merisi,gilberto.merisi@gmail.com,5992937842,Vicolo Giancarlo 870,Diana del friuli,52500,Italia,2023-05-25
103,Bianca,Civaschi,bianca.civaschi@tim.it,1569154522,Borgo Duodo 44,Borgo Lina,96902,Italia,2025-04-30
104,Luciano,Galvani,luciano.galvani@yahoo.com,7251355215,Strada Maurizio 10,Quarto Raimondo sardo,26765,Italia,2025-02-02
105,Nicola,Calvo,nicola.calvo@live.com,2710405411,Stretto Viridiana 599,Bajamonti veneto,96201,Italia,2024-03-05
106,Geronimo,Favata,geronimo.favata@gmail.com,4431069872,Contrada Priscilla 9 Piano 3,San Geronimo ligure,17146,Italia,2024-10-08
107,Severino,Iannuzzi,severino.iannuzzi@libero.it,2565270477,Canale Cipriano 586,Settimo Augusto,86879,Italia,2023-10-09
108,Salvi,Mannoia,salvi.mannoia@libero.it,0898992172,Incrocio Bernardo 6,Borgo Romana,51168,Italia,2024-06-16
109,Amanda,Modugno,amanda.modugno@fastwebnet.it,0998616229,Contrada Stella 5,Iannotti veneto,99702,Italia,2023-12-09
110,Patrizio,Colletti,patrizio.colletti@tele2.it,0653074505,Borgo Donato 75 Piano 6,Borgo Rembrandt del friuli,78508,Italia,2023-06-11
111,Baccio,Matteotti,baccio.matteotti@hotmail.com,2890233030,Rotonda Scarlatti 6,San Gioacchino calabro,97279,Italia,2025-02-10
112,Maurizio,Murialdo,maurizio.murialdo@alice.it,1406029333,Viale Donatello 2,Borgo Giosuè laziale,46657,Italia,2023-11-03
113,Gian,Schiavo,gian.schiavo@vodafone.it,9108589944,Canale Modiano 44 Appartamento 28,San Olga,52074,Italia,2023-11-15
114,Piero,Pirandello,piero.pirandello@gmail.com,9935387584,Viale Dionigi 4 Appartamento 51,Sesto Gianfranco,65549,Italia,2024-01-07
115,Ronaldo,Casagrande,ronaldo.casagrande@live.com,9991738168,Borgo Massimo 97,Sesto Sophia,17525,Italia,2025-06-19
116,Arturo,Agostinelli,arturo.agostinelli@outlook.com,3292712966,Piazza Vittorio 505 Appartamento 00,Borgo Griselda,42168,Italia,2025-04-09
117,Liberto,Desio,liberto.desio@libero.it,4478985625,Piazza Geraci 230,San Mirko,64890,Italia,2025-04-17
118,Antonio,Cannizzaro,antonio.cannizzaro@libero.it,1676184723,Vicolo Ciani 18,Sesto Damiano lido,39348,Italia,2023-08-17
119,Micheletto,Platini,micheletto.platini@vodafone.it,0873753001,Stretto Benvenuto 1,Evangelista del friuli,44701,Italia,2023-07-06
120,Tatiana,Barracco,tatiana.barracco@vodafone.it,5611002255,Rotonda Fagotto 667,Romana veneto,62120,Italia,2023-06-12
121,Coluccio,Pratesi,coluccio.pratesi@yahoo.com,9729659027,Strada Giulio 5 Appartamento 89,Sesto Ugolino,63756,Italia,2023-05-26
122,Rosa,Zaccagnini,rosa.zaccagnini@tele2.it,0287721753,Incrocio Gibilisco 779,Brunelleschi nell'emilia,51701,Italia,2024-06-25
123,Piergiuseppe,Barcaccia,piergiuseppe.barcaccia@hotmail.it,1994883755,Canale Ortese 7 Appartamento 13,Sesto Michelangelo terme,88510,Italia,2023-06-20
124,Silvio,Cimarosa,silvio.cimarosa@gmail.com,4933163735,Viale Terragni 708,Settimo Raffaele laziale,82922,Italia,2023-03-17
125,Osvaldo,Milanesi,osvaldo.milanesi@hotmail.com,6934654722,Stretto Gaiatto 394 Piano 2,Settimo Alessandra,15879,Italia,2025-03-12
126,Gelsomina,Priuli,gelsomina.priuli@hotmail.it,6081062003,Piazza Graziella 38 Appartamento 57,Settimo Stella terme,86384,Italia,2025-09-18
127,Gabriella,Bellini,gabriella.bellini@gmail.com,6580043973,Contrada Ricciotti 122,Quarto Annibale veneto,84229,Italia,2023-11-08
128,Adelmo,Montalcini,adelmo.montalcini@outlook.com,0259094798,Stretto Baldassare 2,Vento umbro,15335,Italia,2024-03-05
129,Michelotto,Magrassi,michelotto.magrassi@virgilio.it,8015739930,Stretto Longhena 858 Piano 7,Sesto Viridiana terme,58112,Italia,2025-01-20
130,Vittorio,Alfieri,vittorio.alfieri@libero.it,3613861207,Via Nadia 81,Sesto Pier,76650,Italia,2024-06-04
131,Giada,Casale,giada.casale@hotmail.it,9190158144,Incrocio Bajamonti 28 Appartamento 26,Emma ligure,50882,Italia,2023-04-17
132,Ansaldo,Agostini,ansaldo.agostini@yahoo.com,8814353682,Strada Filippo 9 Appartamento 87,Sesto Germana lido,13975,Italia,2024-04-14
133,Dionigi,Gianvecchio,dionigi.gianvecchio@tim.it,9135775949,Incrocio Disdero 533 Piano 4,Donato terme,77754,Italia,2024-11-02
134,Amanda,Canova,amanda.canova@alice.it,4283411080,Stretto Giulio 8,Condoleo calabro,39427,Italia,2024-11-24
135,Tullio,Buonauro,tullio.buonauro@gmail.com,8039282722,Piazza Galiazzo 31 Piano 5,San Gemma,85677,Italia,2022-12-19
136,Annibale,Moccia,annibale.moccia@tim.it,4989266591,Rotonda Murri 79,Settimo Tonia ligure,23184,Italia,2023-09-01
137,Enzio,Fanucci,enzio.fanucci@alice.it,9136517773,Piazza Dionigi 9,Borgo Elisa,92024,Italia,2023-07-14
138,Ugo,Pisacane,ugo.pisacane@tele2.it,4137977236,Via Moschino 99,Borgo Nicolò veneto,10388,Italia,2025-09-05
139,Piero,Conte,piero.conte@tele2.it,2799088117,Stretto Puglisi 08,Giacconi nell'emilia,59916,Italia,2023-05-03
140,Giovanni,Sismondi,giovanni.sismondi@tiscali.it,4986430098,Rotonda Pierangelo 12 Piano 9,Giulio umbro,95946,Italia,2023-08-20
141,Piergiuseppe,Villarosa,piergiuseppe.villarosa@hotmail.it,2588744956,Strada Giampaolo 6 Piano 8,Borgo Ottavio terme,12796,Italia,2023-02-21
142,Azeglio,Iadanza,azeglio.iadanza@tiscali.it,1906698490,Canale Ninetta 4,San Mercedes,92053,Italia,2025-07-21
143,Achille,Cristoforetti,achille.cristoforetti@libero.it,6566938011,Contrada Gemito 3 Piano 6,Sesto Federico veneto,81845,Italia,2023-04-07
144,Ninetta,Toselli,ninetta.toselli@fastwebnet.it,7697357790,Canale Galuppi 3,Piergiuseppe calabro,43416,Italia,2025-08-19
145,Luigina,Morucci,luigina.morucci@libero.it,7553942373,Borgo Romana 952,San Bernardo terme,90807,Italia,2024-05-06
146,Donatella,Mengolo,donatella.mengolo@live.com,7284639208,Incrocio Druso 18,Mennea sardo,03691,Italia,2024-02-25
147,Milo,Guidotti,milo.guidotti@alice.it,3479552763,Viale Errigo 2 Appartamento 14,Settimo Raffaele,32270,Italia,2023-07-09
148,Pierpaolo,Tartaglia,pierpaolo.tartaglia@tin.it,7448906120,Rotonda Guinizzelli 58,Matteo a mare,15939,Italia,2025-03-20
149,Federica,Varano,federica.varano@alice.it,5587716947,Strada Botta 535 Piano 4,Claudia terme,47598,Italia,2024-09-06
150,Piergiuseppe,Desio,piergiuseppe.desio@alice.it,2341326111,Stretto Brambilla 492,Quarto Lodovico del friuli,47228,Italia,2023-06-30
151,Alphons,Barbarigo,alphons.barbarigo@gmail.com,7784872829,Rotonda Sommaruga 3 Appartamento 74,Piergiuseppe salentino,40082,Italia,2024-03-25
152,Ivan,Scotto,ivan.scotto@hotmail.it,7740649308,Borgo Dalla 6 Piano 3,Bernardo veneto,89448,Italia,2023-11-29
153,Piergiuseppe,Farinelli,piergiuseppe.farinelli@libero.it,2417974973,Via Claudio 42,Alfonsi del friuli,20735,Italia,2024-07-21
154,Lorenzo,Tarantini,lorenzo.tarantini@gmail.com,0512046187,Strada Marissa 3 Piano 7,San Gaetano,18376,Italia,2025-08-31
155,Lorenzo,Miniati,lorenzo.miniati@alice.it,8814743503,Via Nadia 91 Piano 3,San Beatrice sardo,92513,Italia,2023-06-09
156,Telemaco,Buscetta,telemaco.buscetta@tele2.it,0052812735,Incrocio Micheletto 2,Vittoria a mare,78487,Italia,2023-07-29
157,Antonella,Fanucci,antonella.fanucci@hotmail.it,5749821827,Piazza Tognazzi 20 Piano 9,Sesto Licia,86387,Italia,2025-02-10
158,Eraldo,Longhena,eraldo.longhena@poste.it,5118102203,Vicolo Eva 78,Armando calabro,91037,Italia,2023-02-09
159,Ruggero,Bignardi,ruggero.bignardi@gmail.com,5094801413,Borgo Ferragni 3,Settimo Luigina,19576,Italia,2023-03-18
160,Fabio,Esposito,fabio.esposito@hotmail.it,8528975585,Vicolo Alina 684 Piano 7,Petrucelli a mare,49082,Italia,2024-01-19
161,Adriano,Mantegna,adriano.mantegna@tiscali.it,5048889921,Contrada Mirko 3,Sesto Paola,19693,Italia,2023-02-04
162,Lidia,Mocenigo,lidia.mocenigo@live.com,7919409610,Borgo Ludovica 9 Appartamento 60,Venancio a mare,89258,Italia,2025-09-25
163,Gianfrancesco,Correr,gianfrancesco.correr@libero.it,7998136462,Stretto Pasqual 16 Piano 2,Quarto Annalisa,76938,Italia,2025-05-21
164,Lolita,Trevisani,lolita.trevisani@tiscali.it,1465911665,Contrada Fabrizio 97 Appartamento 70,Borgo Giulietta,21103,Italia,2025-05-29
165,Enrico,Lupo,enrico.lupo@libero.it,1477053833,Canale Aldo 98 Appartamento 42,Sesto Galasso sardo,07016,Italia,2025-07-29
166,Greco,Omma,greco.omma@tim.it,4636815798,Piazza Gioffre 4 Piano 7,Crispi a mare,55438,Italia,2023-12-10
167,Paola,Bixio,paola.bixio@fastwebnet.it,0843256216,Vicolo Eraldo 49 Piano 7,Borgo Fiamma,98324,Italia,2025-09-11
168,Isa,Trevisan,isa.trevisan@tin.it,2925188125,Contrada Ruberto 4 Appartamento 31,Borgo Alfredo,99939,Italia,2023-10-03
169,Gianni,Aulenti,gianni.aulenti@gmail.com,7289752677,Incrocio Marina 463,Borgo Baccio,79757,Italia,2023-10-26
170,Pompeo,Pirelli,pompeo.pirelli@libero.it,5699988081,Piazza Zabarella 80,Sesto Ranieri,44726,Italia,2024-01-08
171,Daria,Berrè,daria.berrè@hotmail.com,7718129826,Viale Camilla 3,Bulzoni salentino,21117,Italia,2025-06-18
172,Milo,Bresciani,milo.bresciani@hotmail.com,8926860259,Incrocio Livio 74,San Vittoria,30940,Italia,2024-09-19
173,Stefano,Tarantino,stefano.tarantino@hotmail.it,9733977671,Vicolo Volterra 022,Sesto Amleto ligure,99451,Italia,2022-12-23
174,Corrado,Prati,corrado.prati@alice.it,4999827950,Strada Renier 1 Piano 7,San Griselda,58683,Italia,2025-09-22
175,Giacobbe,Biagi,giacobbe.biagi@tim.it,7946954899,Viale Errigo 3 Piano 3,San Alfio nell'emilia,39660,Italia,2024-03-09
176,Maurizio,Zaguri,maurizio.zaguri@virgilio.it,3441448850,Via Fulvio 57 Piano 0,Quarto Ermanno,85760,Italia,2024-12-25
177,Leonardo,Zetticci,leonardo.zetticci@poste.it,3955124056,Vicolo Daniele 50 Piano 6,Quarto Tina del friuli,74384,Italia,2023-07-06
178,Costanzo,Palumbo,costanzo.palumbo@libero.it,1780782357,Stretto Giorgia 307,Trentini lido,40915,Italia,2024-10-02
179,Veronica,Beffa,veronica.beffa@tim.it,0943533448,Via Guglielmo 098 Appartamento 38,Amalia calabro,24932,Italia,2023-01-26
180,Lorenzo,Morgagni,lorenzo.morgagni@hotmail.it,0207016016,Contrada Montanelli 817 Appartamento 17,Quarto Lodovico terme,73329,Italia,2023-11-12
181,Mirco,Pergolesi,mirco.pergolesi@alice.it,5770171577,Incrocio Paulina 1,Angelina terme,48769,Italia,2024-07-11
182,Gino,Gori,gino.gori@hotmail.it,7615396695,Strada Scaramucci 81,Durante salentino,19196,Italia,2024-02-28
183,Simone,Binaghi,simone.binaghi@libero.it,2902278469,Contrada Marinetti 51,Settimo Tullio veneto,40580,Italia,2022-10-09
184,Irma,Zacco,irma.zacco@gmail.com,4036965666,Via Farinelli 6,Rosalia veneto,42201,Italia,2025-07-11
185,Alderano,Colletti,alderano.colletti@live.com,2126796927,Rotonda Gelli 690 Piano 3,Piergiorgio umbro,00975,Italia,2023-04-01
186,Beatrice,Sommaruga,beatrice.sommaruga@libero.it,8478189137,Rotonda Vittorio 778 Piano 9,Pierpaolo calabro,42094,Italia,2025-03-01
187,Giulio,Binaghi,giulio.binaghi@live.com,9049047128,Contrada Guarneri 192,Quarto Napoleone,43728,Italia,2022-11-28
188,Massimo,Branciforte,massimo.branciforte@tin.it,7663723950,Incrocio Simeoni 78,Quarto Giuliana,74286,Italia,2022-10-26
189,Ivo,Salandra,ivo.salandra@gmail.com,8018569454,Canale Goldstein 9 Appartamento 85,Sesto Allegra,01061,Italia,2024-12-31
190,Coluccio,Sabatini,coluccio.sabatini@gmail.com,4430091093,Incrocio Flavia 9,San Ida,44717,Italia,2023-12-11
191,Marissa,Renault,marissa.renault@poste.it,2140665044,Vicolo Panfilo 712 Piano 3,Quarto Lauretta salentino,01194,Italia,2024-08-30
192,Aldo,Tanzini,aldo.tanzini@tin.it,0642569087,Piazza Oreste 7,Settimo Adelasia calabro,46015,Italia,2025-01-15
193,Serena,Morpurgo,serena.morpurgo@libero.it,4328063461,Via Amleto 093 Piano 6,Settimo Evangelista salentino,87005,Italia,2023-01-03
194,Martino,Bataglia,martino.bataglia@gmail.com,3878293102,Canale Domenico 204,Quarto Cristina ligure,11799,Italia,2023-09-15
195,Azeglio,Fioravanti,azeglio.fioravanti@gmail.com,6519825309,Via Prada 582,Gonzaga laziale,21962,Italia,2022-11-01
196,Tiziana,Spinola,tiziana.spinola@libero.it,0219467232,Via Cristina 0 Appartamento 79,Sesto Maurilio veneto,83318,Italia,2023-03-05
197,Dolores,Orengo,dolores.orengo@hotmail.it,7340312772,Borgo Rizzoli 59 Piano 0,San Adele ligure,07811,Italia,2023-10-08
198,Licia,Ruggieri,licia.ruggieri@yahoo.com,6353153136,Vicolo Spadafora 623,Emanuelli veneto,27354,Italia,2023-08-18
199,Mario,Cendron,mario.cendron@libero.it,4217762534,Strada Piergiorgio 7,Settimo Salvatore,40633,Italia,2024-02-28
200,Raffaellino,Garibaldi,raffaellino.garibaldi@yahoo.com,9060078068,Borgo Brambilla 0 Piano 3,Sesto Laureano,10742,Italia,2025-10-04
201,Romeo,Armani,romeo.armani@outlook.com,2625701658,Canale Biagio 5 Appartamento 85,San Oreste calabro,90552,Italia,2025-07-10
202,Annalisa,Boitani,annalisa.boitani@hotmail.it,2538179335,Piazza Bocca 57 Piano 8,Quarto Jolanda umbro,79513,Italia,2024-09-18
203,Calogero,Botticelli,calogero.botticelli@gmail.com,4112412723,Viale Mattia 70 Piano 3,San Sylvia del friuli,69557,Italia,2025-04-16
204,Gabriella,Turati,gabriella.turati@hotmail.it,7492424375,Viale Dellucci 2 Piano 2,Borgo Ernesto,10592,Italia,2024-08-22
205,Giulio,Padovano,giulio.padovano@alice.it,8055257828,Via Satta 20 Piano 4,Luzi laziale,97517,Italia,2022-12-09
206,Elladio,Vigorelli,elladio.vigorelli@tim.it,0693751509,Borgo Argurio 871,Ferrari nell'emilia,99805,Italia,2024-06-16
207,Enrico,Renier,enrico.renier@gmail.com,5045547813,Incrocio Lina 29 Appartamento 23,Salvi umbro,19610,Italia,2024-07-05
208,Eugenia,Leblanc,eugenia.leblanc@gmail.com,8792326487,Stretto Scarfoglio 002 Piano 4,Catenazzi terme,62730,Italia,2023-04-11
209,Marina,Lerner,marina.lerner@live.com,9597964715,Vicolo Arturo 572 Piano 2,Sesto Michelotto veneto,04481,Italia,2024-12-14
210,Fulvio,Falcone,fulvio.falcone@tim.it,8554451895,Viale Polizzi 21 Appartamento 28,Borgo Natalia,67112,Italia,2022-11-03
211,Sante,Navarria,sante.navarria@vodafone.it,2798524013,Borgo Domenico 611 Appartamento 76,Borgo Corrado a mare,71401,Italia,2024-01-19
212,Gelsomina,Altera,gelsomina.altera@tim.it,9393250124,Stretto Antonia 190,Borgo Ignazio,80138,Italia,2024-10-14
213,Mirko,Fantini,mirko.fantini@outlook.com,2566383615,Rotonda Luria 0,Sesto Silvio lido,47947,Italia,2023-09-23
214,Angelica,Pistoletto,angelica.pistoletto@vodafone.it,3175207167,Incrocio Camanni 2,Sesto Gaetano calabro,96136,Italia,2024-11-21
215,Gustavo,Leblanc,gustavo.leblanc@gmail.com,7967842711,Piazza Cirillo 0,Quarto Giovanna a mare,69524,Italia,2025-05-31
216,Eleanora,Caffarelli,eleanora.caffarelli@libero.it,7347784858,Incrocio Roberto 67 Piano 0,Borgo Anita terme,27624,Italia,2024-06-03
217,Sergius,Capecchi,sergius.capecchi@yahoo.com,8897782806,Contrada Michelangeli 090 Appartamento 55,Sesto Nino lido,55650,Italia,2025-07-31
218,Gioele,Granatelli,gioele.granatelli@tiscali.it,9114152085,Piazza Seddio 0 Piano 6,Mimun laziale,71357,Italia,2024-11-27
219,Paola,Morosini,paola.morosini@alice.it,5637183440,Vicolo Cesare 5,Baldassare laziale,63514,Italia,2024-11-29
220,Ninetta,Mantegazza,ninetta.mantegazza@gmail.com,3664987820,Canale Priscilla 7 Piano 8,Zichichi sardo,83572,Italia,2023-10-16
221,Enzo,Mantegazza,enzo.mantegazza@gmail.com,5136442493,Piazza Gioele 77,Querini terme,32420,Italia,2023-11-13
222,Monica,Letta,monica.letta@hotmail.it,0700159416,Strada Antonietta 8,Settimo Gabriella laziale,71391,Italia,2024-02-06
223,Marcello,Pellico,marcello.pellico@tiscali.it,3212347649,Rotonda Alina 73 Piano 2,Salvi sardo,40900,Italia,2025-09-14
224,Milena,Giradello,milena.giradello@fastwebnet.it,4518376064,Via Raimondo 5 Piano 0,Stefania lido,76561,Italia,2023-06-14
225,Ilaria,Gulotta,ilaria.gulotta@hotmail.com,5698570027,Rotonda Bragaglia 238,Settimo Giuseppina,57724,Italia,2023-07-04
226,Giuseppina,Monaco,giuseppina.monaco@vodafone.it,1652669300,Borgo Iacobucci 2,Quarto Dolores veneto,21529,Italia,2023-04-08
227,Alberto,Trincavelli,alberto.trincavelli@gmail.com,7133344762,Canale Fattori 26,San Jacopo,39735,Italia,2025-03-31
228,Giulietta,Satta,giulietta.satta@libero.it,7256366941,Borgo Semitecolo 99,San Giosuè umbro,46528,Italia,2022-12-10
229,Beatrice,Errani,beatrice.errani@fastwebnet.it,8757215862,Viale Sylvia 56,Teresa salentino,85625,Italia,2024-11-09
230,Marina,Coppola,marina.coppola@hotmail.it,0320320742,Viale Michele 8 Piano 7,Carducci sardo,15134,Italia,2023-07-15
231,Romana,Dibiasi,romana.dibiasi@hotmail.com,9939089261,Contrada Giulia 1 Piano 5,Sesto Eraldo a mare,77749,Italia,2025-07-26
232,Adelmo,Moneta,adelmo.moneta@libero.it,5923045018,Via Giulietti 10 Appartamento 26,Lucarelli terme,14764,Italia,2025-09-06
233,Chiara,Chechi,chiara.chechi@gmail.com,5837767499,Incrocio Elisa 10 Piano 7,Borgo Simone,47617,Italia,2024-01-17
234,Enzio,Ceravolo,enzio.ceravolo@vodafone.it,8649081081,Canale Grisoni 49,Settimo Alderano lido,22601,Italia,2024-07-15
235,Teresa,Malpighi,teresa.malpighi@poste.it,7945232194,Incrocio Daniele 277,Spinelli salentino,64122,Italia,2022-10-29
236,Franco,Cardano,franco.cardano@libero.it,0372368314,Strada Fabio 777 Appartamento 79,Borgo Lando,05016,Italia,2024-07-14
237,Sandra,Tamborini,sandra.tamborini@yahoo.com,0767899730,Contrada Vincenza 6 Piano 1,Nadi nell'emilia,02437,Italia,2024-03-25
238,Raimondo,Giannetti,raimondo.giannetti@hotmail.com,9597246657,Canale Saverio 232 Piano 1,Tafuri salentino,38005,Italia,2023-11-17
239,Michele,Cugia,michele.cugia@alice.it,1561931837,Via Totino 1,Quarto Nicoletta nell'emilia,19918,Italia,2022-12-12
240,Tonino,Campise,tonino.campise@alice.it,3524787125,Incrocio Alboni 754,San Goffredo,65328,Italia,2024-07-24
241,Milena,Geraci,milena.geraci@tin.it,6678507208,Via Ritacca 602 Appartamento 84,Pignatti terme,55048,Italia,2025-05-13
242,Enrico,Piovani,enrico.piovani@outlook.com,8997563410,Borgo Caboto 8,Umberto calabro,00894,Italia,2023-10-17
243,Roberta,Marenzio,roberta.marenzio@gmail.com,0548510174,Vicolo Annunziata 8 Appartamento 54,Gelsomina sardo,68315,Italia,2024-12-18
244,Berenice,Ferragamo,berenice.ferragamo@gmail.com,1266110627,Vicolo Zaccardo 6 Piano 9,Randazzo nell'emilia,62282,Italia,2024-10-30
245,Lara,Satriani,lara.satriani@tin.it,3770285196,Stretto Eraldo 545 Piano 4,Babbo ligure,96044,Italia,2023-09-07
246,Fiorenzo,Stefanelli,fiorenzo.stefanelli@libero.it,8510679497,Stretto Erika 77,Sesto Camillo,63658,Italia,2022-12-18
247,Germana,Ruberto,germana.ruberto@fastwebnet.it,2094818139,Stretto Antonini 820,Michela del friuli,97189,Italia,2024-02-17
248,Pasquale,Beccaria,pasquale.beccaria@live.com,5626085641,Via Fagotto 12,Pier terme,09520,Italia,2023-01-06
249,Lazzaro,Pellico,lazzaro.pellico@tim.it,2654610339,Contrada Augusto 78 Piano 1,Badoer veneto,04891,Italia,2023-10-25
250,Mariana,Vittadello,mariana.vittadello@tin.it,9671832582,Piazza Paoletta 94 Appartamento 00,Leblanc laziale,65398,Italia,2023-12-19
251,Antonino,Cusano,antonino.cusano@hotmail.it,4161284639,Contrada Gozzano 5 Piano 3,Mondaini a mare,09700,Italia,2025-08-18
252,Fedele,Ponti,fedele.ponti@hotmail.it,6811807156,Strada Romolo 37,Borgo Luciana a mare,53194,Italia,2023-09-16
253,Gianpaolo,Tafuri,gianpaolo.tafuri@gmail.com,4793036149,Strada Bianca 124,Settimo Lina,30894,Italia,2025-08-30
254,Annalisa,Sansoni,annalisa.sansoni@libero.it,0566418775,Incrocio Tutino 50,Ferrari calabro,90361,Italia,2023-10-31
255,Gabriele,Dallara,gabriele.dallara@poste.it,1107609543,Rotonda Umberto 199 Piano 1,Cattaneo lido,06512,Italia,2023-01-12
256,Nina,Roth,nina.roth@libero.it,9611080466,Viale Oreste 69,Sesto Fernanda terme,78593,Italia,2023-03-24
257,Claudio,Anastasi,claudio.anastasi@tele2.it,9392845679,Piazza Dionigi 96,Lorenzo laziale,27495,Italia,2024-01-03
258,Nanni,Alfonsi,nanni.alfonsi@hotmail.com,0388065333,Vicolo Montanari 9 Piano 9,Piero calabro,17073,Italia,2022-10-13
259,Eugenia,Garobbio,eugenia.garobbio@tiscali.it,9337563620,Stretto Damiano 473 Piano 0,Borgo Gaetano salentino,34258,Italia,2023-10-25
260,Ferdinando,Ferrazzi,ferdinando.ferrazzi@libero.it,4102615347,Strada Casale 233,Palumbo calabro,30993,Italia,2025-01-16
261,Lando,Condoleo,lando.condoleo@poste.it,0428973179,Viale Travaglio 25 Piano 8,Taliani nell'emilia,96903,Italia,2023-09-14
262,Virginia,Fioravanti,virginia.fioravanti@outlook.com,6346692548,Stretto Nievo 907 Piano 6,Schicchi veneto,57546,Italia,2022-11-15
263,Ferdinando,Rossini,ferdinando.rossini@tiscali.it,1514888143,Stretto Galasso 35 Piano 4,Franco sardo,84044,Italia,2024-03-29
264,Melissa,Piovani,melissa.piovani@gmail.com,7826333738,Strada Mazzi 663 Piano 7,Sesto Elladio laziale,40755,Italia,2023-09-23
265,Piero,Ravaglioli,piero.ravaglioli@gmail.com,5909022599,Incrocio Azeglio 6 Appartamento 71,Antonia nell'emilia,12182,Italia,2022-11-26
266,Ramona,Staglieno,ramona.staglieno@libero.it,3164334817,Rotonda Sonia 62,Borgo Adelasia veneto,16323,Italia,2024-02-01
267,Raffaele,Sibilia,raffaele.sibilia@alice.it,9387430271,Viale Scandone 0 Appartamento 47,Imelda sardo,69263,Italia,2023-07-13
268,Vittoria,Rienzo,vittoria.rienzo@outlook.com,2916032484,Rotonda Beppe 856 Piano 2,Giacinto umbro,70176,Italia,2024-03-24
269,Lucrezia,Piane,lucrezia.piane@virgilio.it,0041257771,Viale Pina 22 Appartamento 91,Sesto Delfino,21042,Italia,2024-08-22
270,Micheletto,Emanuelli,micheletto.emanuelli@virgilio.it,8370816470,Borgo Nico 310 Piano 0,Sesto Pina del friuli,31220,Italia,2024-07-14
271,Ubaldo,Canil,ubaldo.canil@poste.it,8393866133,Incrocio Fiamma 06,Quarto Giancarlo,49501,Italia,2023-09-12
272,Piergiorgio,Manzoni,piergiorgio.manzoni@tele2.it,1892419562,Rotonda Aldo 9 Piano 6,Settimo Bianca,30914,Italia,2023-10-10
273,Loredana,Renzi,loredana.renzi@tiscali.it,0257432630,Contrada Luciano 0 Piano 4,Borgo Rossana sardo,53380,Italia,2025-08-06
274,Gionata,Garibaldi,gionata.garibaldi@tele2.it,8527017130,Vicolo Amalia 381,Schiavone salentino,33629,Italia,2023-10-29
275,Leopoldo,Lucchesi,leopoldo.lucchesi@yahoo.com,3471566277,Viale Alessandro 61 Piano 9,Settimo Lilla,46747,Italia,2023-12-21
276,Nicola,Zanazzo,nicola.zanazzo@tele2.it,1527323008,Rotonda Pastine 49 Appartamento 60,Quarto Annunziata ligure,64587,Italia,2025-06-20
277,Gloria,Pacetti,gloria.pacetti@libero.it,6337050249,Piazza Daniele 669,Settimo Francesco veneto,64488,Italia,2025-07-26
278,Valeria,Pasolini,valeria.pasolini@yahoo.com,6119524364,Strada Matilda 6,Luria sardo,22522,Italia,2023-08-11
279,Sergius,Faggiani,sergius.faggiani@hotmail.com,7932302346,Contrada Calcedonio 14,Sesto Amadeo laziale,77100,Italia,2023-11-25
280,Luisa,Aldobrandi,luisa.aldobrandi@yahoo.com,1380698477,Canale Mozart 35 Piano 6,Sesto Tatiana calabro,07620,Italia,2025-04-30
281,Dario,Turchetta,dario.turchetta@fastwebnet.it,5797863050,Vicolo Sebastiano 91 Piano 6,Callegari sardo,49328,Italia,2025-03-14
282,Mercedes,Tiepolo,mercedes.tiepolo@libero.it,7148727178,Strada Raffaellino 0,Sesto Oreste,34712,Italia,2025-01-15
283,Emma,Stucchi,emma.stucchi@libero.it,3991566863,Strada Camillo 93 Appartamento 95,Sesto Nino,40983,Italia,2024-06-01
284,Piersanti,Mezzetta,piersanti.mezzetta@gmail.com,8993160875,Via Lopresti 095 Piano 8,Sesto Sandra sardo,37460,Italia,2024-03-08
285,Eraldo,Fracci,eraldo.fracci@tiscali.it,2764208656,Stretto Lilla 43 Piano 1,Sesto Marcella,47292,Italia,2024-08-24
286,Ida,Soprano,ida.soprano@vodafone.it,3330591266,Via Bernardi 859 Piano 2,Gotti a mare,36749,Italia,2023-07-02
287,Fiamma,Panicucci,fiamma.panicucci@libero.it,6475011117,Strada Fabbri 76 Piano 9,San Manuel,82606,Italia,2025-02-17
288,Paulina,Valguarnera,paulina.valguarnera@hotmail.com,1898131292,Piazza Dionigi 3 Appartamento 18,Serafina a mare,18458,Italia,2023-07-01
289,Piersanti,Abatantuono,piersanti.abatantuono@tiscali.it,0848729758,Canale Pierina 303,Sesto Simonetta,29839,Italia,2024-04-17
290,Gustavo,Cerquiglini,gustavo.cerquiglini@tele2.it,1844626714,Canale Livia 35,Quarto Pina,56609,Italia,2023-10-27
291,Beppe,Jovinelli,beppe.jovinelli@tim.it,8615155423,Incrocio Coluccio 284 Piano 1,Imelda laziale,84910,Italia,2023-06-30
292,Luciano,Pelli,luciano.pelli@alice.it,8896792408,Piazza Paganini 3 Piano 7,Quarto Michelangelo,84468,Italia,2023-09-28
293,Liberto,Broschi,liberto.broschi@vodafone.it,5111312901,Canale Tomasini 2,Tanzini umbro,60930,Italia,2024-07-29
294,Iolanda,Udinesi,iolanda.udinesi@gmail.com,8909728321,Incrocio Simone 25 Appartamento 53,Sesto Leonardo nell'emilia,43096,Italia,2023-09-10
295,Liberto,Totino,liberto.totino@libero.it,9705097545,Rotonda Almagià 673,Settimo Uberto ligure,17024,Italia,2023-09-24
296,Ruggiero,Petralli,ruggiero.petralli@gmail.com,5628417722,Strada Franco 02 Piano 6,Zaira a mare,37416,Italia,2024-11-05
297,Amalia,Taliercio,amalia.taliercio@tin.it,6862110225,Incrocio Alfonsi 74,Sebastiano lido,39282,Italia,2023-10-30
298,Hugo,Carosone,hugo.carosone@fastwebnet.it,6371892392,Contrada Fredo 609 Appartamento 10,Pistoletto umbro,33567,Italia,2023-01-11
299,Tullio,Renault,tullio.renault@libero.it,1454563502,Contrada Sabatino 91 Piano 2,Silvestro calabro,41108,Italia,2023-04-28
300,Marco,Onio,marco.onio@gmail.com,3439611291,Strada Borromeo 9,Leone sardo,38202,Italia,2023-08-01
301,Piero,Vigliotti,piero.vigliotti@fastwebnet.it,5716176880,Piazza Zichichi 367,Borgo Raimondo umbro,86694,Italia,2023-08-25
302,Fiorino,Agazzi,fiorino.agazzi@alice.it,9087884434,Piazza Vittorio 402,Donato salentino,33810,Italia,2025-07-11
303,Mattia,Pacillo,mattia.pacillo@poste.it,8426945005,Stretto Flavia 1 Piano 4,Quarto Giancarlo,43962,Italia,2024-08-30
304,Gianni,Ritacca,gianni.ritacca@gmail.com,7172722397,Via Paulina 93 Appartamento 21,Govoni nell'emilia,18209,Italia,2023-03-11
305,Nicolò,Pastine,nicolò.pastine@libero.it,0023142900,Via Sante 7,Sesto Marco,23084,Italia,2025-06-08
306,Alessia,Castioni,alessia.castioni@libero.it,1841862030,Canale Ludovisi 617,San Gianfranco,45195,Italia,2023-04-09
307,Michelotto,Brenna,michelotto.brenna@libero.it,2685926249,Canale Pacillo 10 Appartamento 25,Quarto Riccardo,11964,Italia,2023-05-20
308,Carlo,Miniati,carlo.miniati@tin.it,6557676952,Stretto Valguarnera 619 Piano 8,San Gianpietro,03058,Italia,2024-10-13
309,Donato,Capone,donato.capone@libero.it,5247286333,Piazza Rastelli 01,Quarto Romina laziale,02521,Italia,2023-10-23
310,Beppe,Anastasi,beppe.anastasi@yahoo.com,2272847657,Canale Amedeo 2,San Paolo,78498,Italia,2024-01-26
311,Jolanda,Gentili,jolanda.gentili@gmail.com,4186236903,Viale Mazzi 6,Dandolo a mare,63411,Italia,2023-02-05
312,Milo,Morabito,milo.morabito@libero.it,4281139043,Strada Zeffirelli 970,Sesto Carmelo salentino,54683,Italia,2024-02-08
313,Luisa,Pepe,luisa.pepe@gmail.com,1568182096,Via Giuliana 11 Appartamento 32,Settimo Ugo,72545,Italia,2025-06-02
314,Simonetta,Ricciardi,simonetta.ricciardi@libero.it,3399129710,Strada Santorio 24,San Hugo,51127,Italia,2023-11-12
315,Salvatore,Guarato,salvatore.guarato@outlook.com,1970546692,Strada Ponti 7 Piano 0,Borgo Imelda umbro,21462,Italia,2025-03-11
316,Pasqual,Bonomo,pasqual.bonomo@tiscali.it,7157787112,Rotonda Boccioni 59,Frescobaldi sardo,14708,Italia,2023-06-06
317,Ruggiero,Combi,ruggiero.combi@virgilio.it,9096056730,Canale Durante 214 Piano 1,Tatiana sardo,68342,Italia,2022-12-30
318,Carmelo,Renzi,carmelo.renzi@poste.it,2356778265,Canale Barbara 2,Gabriella sardo,02727,Italia,2024-02-11
319,Damiano,Pisano,damiano.pisano@fastwebnet.it,7279103368,Borgo Federico 9,Sesto Paoletta calabro,44817,Italia,2025-07-12
320,Rolando,Porcellato,rolando.porcellato@gmail.com,5868512765,Incrocio Lucarelli 6,Iolanda laziale,11109,Italia,2024-07-07
321,Coluccio,Tamburello,coluccio.tamburello@tele2.it,7890463378,Rotonda Nadia 66 Appartamento 53,Graziano terme,46306,Italia,2022-11-27
322,Alberto,Aulenti,alberto.aulenti@tin.it,8955296386,Via Pennetta 2,Merisi umbro,63128,Italia,2023-04-09
323,Elvira,Pergolesi,elvira.pergolesi@fastwebnet.it,5311060920,Via Rodolfo 5 Appartamento 33,Fulvio umbro,64041,Italia,2023-05-19
324,Eliana,Ariasso,eliana.ariasso@yahoo.com,1791124421,Strada Stradivari 617,Borgo Giuseppina veneto,57224,Italia,2022-10-23
325,Ferdinando,Zola,ferdinando.zola@tele2.it,1557998028,Stretto Ubaldo 351,San Marcantonio,31244,Italia,2024-10-25
326,Galasso,Busoni,galasso.busoni@gmail.com,7768634234,Borgo Licia 67 Piano 9,Patrizia calabro,96639,Italia,2024-04-08
327,Nico,Boccherini,nico.boccherini@outlook.com,0849649856,Via Nugnes 135 Piano 2,Dario a mare,05379,Italia,2024-02-19
328,Vittoria,Giannini,vittoria.giannini@hotmail.it,6493831849,Rotonda Ficino 077 Appartamento 46,San Rocco ligure,96390,Italia,2023-12-24
329,Aldo,Agostinelli,aldo.agostinelli@outlook.com,2608805017,Rotonda Piccinni 857 Appartamento 64,Taccola terme,59103,Italia,2022-12-21
330,Raffaella,Altera,raffaella.altera@tin.it,5632135800,Strada Iannotti 96,Ilaria ligure,97125,Italia,2023-05-25
331,Marcella,Ponti,marcella.ponti@outlook.com,8839774573,Stretto Golgi 3,San Simone a mare,03763,Italia,2024-11-03
332,Coluccio,Morricone,coluccio.morricone@virgilio.it,4728123567,Strada Gustavo 24 Appartamento 27,San Gioacchino a mare,24078,Italia,2024-09-10
333,Mauro,Impastato,mauro.impastato@tim.it,5632686850,Canale Orazio 6,Sesto Francesco,29489,Italia,2024-11-12
334,Ugolino,Rismondo,ugolino.rismondo@tim.it,3131009431,Incrocio Perozzo 347,Borgo Michela,54940,Italia,2023-03-03
335,Fiorino,Telesio,fiorino.telesio@tele2.it,4325122572,Via Giustino 209 Piano 7,Quarto Tatiana del friuli,10094,Italia,2023-09-27
336,Venancio,Telesio,venancio.telesio@alice.it,1145775847,Contrada Montesano 9,Carducci salentino,26325,Italia,2024-11-19
337,Amadeo,Gottardi,amadeo.gottardi@yahoo.com,5313614878,Vicolo Priuli 43 Appartamento 98,Romana laziale,67954,Italia,2023-03-28
338,Agnolo,Tarantino,agnolo.tarantino@tin.it,2849824741,Contrada Raffaella 1,Quarto Liberto a mare,50042,Italia,2024-04-04
339,Tina,Lopresti,tina.lopresti@hotmail.com,1423691430,Incrocio Cainero 49 Piano 2,Mimun laziale,34268,Italia,2023-08-13
340,Leone,Marini,leone.marini@libero.it,9782661287,Incrocio Schiavo 67 Appartamento 80,Brunello ligure,39852,Italia,2025-05-29
341,Alessia,Ziani,alessia.ziani@vodafone.it,6260787010,Vicolo Sommaruga 5,San Lucia laziale,38287,Italia,2023-05-07
342,Gianfranco,Costalonga,gianfranco.costalonga@vodafone.it,0793110291,Viale Alfio 7,Bertoli lido,67238,Italia,2023-11-16
343,Pina,Rosmini,pina.rosmini@tele2.it,6202232883,Vicolo Silvio 46 Piano 1,Prati veneto,04719,Italia,2024-06-03
344,Agostino,Marcacci,agostino.marcacci@libero.it,0527740258,Via Filippa 595 Piano 2,Mercedes terme,61767,Italia,2025-05-06
345,Flora,Esposito,flora.esposito@yahoo.com,2599599610,Viale Giovanna 53,San Vittoria,66109,Italia,2023-11-01
346,Damiano,Baresi,damiano.baresi@libero.it,5902517629,Viale Lucciano 326 Appartamento 19,San Gastone a mare,05698,Italia,2023-01-27
347,Massimiliano,Fantini,massimiliano.fantini@hotmail.com,3397855982,Vicolo Bernardo 841 Appartamento 73,Settimo Adriana calabro,34465,Italia,2023-01-21
348,Sylvia,Cuda,sylvia.cuda@vodafone.it,8938984690,Canale Baggio 564 Appartamento 50,Borgo Allegra,03719,Italia,2025-05-12
349,Iolanda,Barberini,iolanda.barberini@gmail.com,6991872401,Incrocio Smirnoff 30,San Matilda del friuli,08706,Italia,2024-05-16
350,Ida,Cavalcanti,ida.cavalcanti@gmail.com,8217195535,Vicolo Agostino 689,San Tatiana sardo,01027,Italia,2023-07-15
351,Ignazio,Battelli,ignazio.battelli@poste.it,9342967111,Borgo Ruffini 4 Piano 8,Stella terme,84588,Italia,2023-03-19
352,Arnulfo,Naccari,arnulfo.naccari@gmail.com,4132834831,Canale Sansoni 070,Gustavo laziale,41049,Italia,2024-05-26
353,Simone,Antonini,simone.antonini@gmail.com,7033626804,Contrada Gagliano 596,Bettin lido,48769,Italia,2025-03-08
354,Marissa,Travaglio,marissa.travaglio@fastwebnet.it,6732044138,Vicolo Guglielmo 44 Appartamento 14,Romina salentino,77070,Italia,2024-10-01
355,Amleto,Offredi,amleto.offredi@live.com,6091498517,Via Gentili 2 Appartamento 90,San Filippa,28795,Italia,2022-12-12
356,Angelica,Gentilini,angelica.gentilini@libero.it,4058093511,Borgo Manuel 5,Bongiorno terme,42059,Italia,2024-04-19
357,Mario,Pizzamano,mario.pizzamano@gmail.com,4902504290,Borgo Pareto 0 Appartamento 61,Borgo Annunziata umbro,81809,Italia,2024-10-10
358,Flora,Trezzini,flora.trezzini@hotmail.com,5439435353,Incrocio Orengo 588,Sesto Fiamma nell'emilia,76392,Italia,2025-01-20
359,Gioele,Pistoletto,gioele.pistoletto@yahoo.com,9445511668,Viale Alberto 164,Callegaro ligure,60212,Italia,2024-12-15
360,Stefania,Trussardi,stefania.trussardi@gmail.com,5268341559,Rotonda Ricciotti 76,Maria nell'emilia,29812,Italia,2022-10-20
361,Carla,Padovano,carla.padovano@outlook.com,5728941347,Rotonda Pastine 22 Appartamento 36,Aria laziale,15421,Italia,2023-12-29
362,Guglielmo,Spinelli,guglielmo.spinelli@outlook.com,2449134213,Stretto Adele 070,Gastone salentino,78274,Italia,2023-03-27
363,Lauretta,Casarin,lauretta.casarin@outlook.com,7412415131,Viale Toscanini 1 Piano 0,Callegari sardo,38003,Italia,2023-05-08
364,Bianca,Paoletti,bianca.paoletti@tiscali.it,4727274231,Viale Anita 3 Appartamento 06,Diana veneto,57824,Italia,2023-10-03
365,Teresa,Maggioli,teresa.maggioli@live.com,6958741314,Strada Durante 51,Ida veneto,77963,Italia,2022-11-21
366,Jacopo,Interminelli,jacopo.interminelli@hotmail.com,6085456676,Borgo Morosini 0 Piano 7,Gangemi laziale,83199,Italia,2024-03-03
367,Domenico,Vecellio,domenico.vecellio@libero.it,6155810835,Contrada Nina 556 Appartamento 83,San Rosina a mare,86702,Italia,2023-12-21
368,Leone,Armani,leone.armani@tiscali.it,0416624111,Strada Lolita 6,Settimo Sole,56804,Italia,2023-12-07
369,Roman,Fioravanti,roman.fioravanti@tim.it,9764613684,Piazza Tamburi 6,Mariana umbro,73906,Italia,2023-10-03
370,Riccardo,Padovano,riccardo.padovano@live.com,4521182379,Stretto Zito 074 Piano 4,Romana ligure,59960,Italia,2023-11-28
371,Graziella,Forza,graziella.forza@hotmail.it,8753577881,Piazza Ernesto 1 Appartamento 37,San Valeria veneto,28728,Italia,2024-07-18
372,Pasqual,Almagià,pasqual.almagià@vodafone.it,6448595922,Viale Scandone 522 Piano 0,Piermaria ligure,71043,Italia,2023-08-13
373,Griselda,Caccianemico,griselda.caccianemico@hotmail.it,5109792158,Contrada Redi 4,Eleanora veneto,88319,Italia,2023-06-01
374,Claudio,Gagliano,claudio.gagliano@fastwebnet.it,4912896599,Via Adamo 319 Appartamento 22,Abatantuono calabro,02876,Italia,2025-08-05
375,Sabatino,Molesini,sabatino.molesini@vodafone.it,3866675485,Canale Roberta 26,Stoppani sardo,18652,Italia,2022-11-16
376,Stefania,Ossola,stefania.ossola@outlook.com,6398365203,Vicolo Lodovico 15,Tiziano a mare,04760,Italia,2025-09-22
377,Irma,Grisoni,irma.grisoni@fastwebnet.it,9079772781,Via Bruno 10,Blasi calabro,84390,Italia,2024-03-07
378,Romina,Mercalli,romina.mercalli@alice.it,8066013824,Vicolo Fieramosca 8,Dossi terme,44851,Italia,2024-03-21
379,Rosario,Zoppetto,rosario.zoppetto@libero.it,1112125902,Borgo Livio 3 Appartamento 40,Ludovisi ligure,29563,Italia,2023-07-27
380,Guarino,Filippelli,guarino.filippelli@alice.it,4741759558,Stretto Antonia 654 Appartamento 58,Carlo umbro,43740,Italia,2023-04-05
381,Ugo,Fantozzi,ugo.fantozzi@live.com,7955969051,Rotonda Morandini 1 Appartamento 54,Quarto Alina,07979,Italia,2025-03-20
382,Griselda,Rizzoli,griselda.rizzoli@gmail.com,3459576403,Vicolo Piccio 0 Appartamento 82,Valeria laziale,92250,Italia,2023-02-25
383,Lodovico,Cipolla,lodovico.cipolla@gmail.com,6270232441,Borgo Eraldo 8 Piano 0,Cuomo calabro,78637,Italia,2025-08-11
384,Nicola,Scarfoglio,nicola.scarfoglio@tiscali.it,6252654696,Borgo Valeria 2 Appartamento 55,Temistocle a mare,13273,Italia,2022-12-15
385,Giacomo,Marangoni,giacomo.marangoni@gmail.com,5626244670,Canale Trapanese 715,Quarto Ninetta a mare,52986,Italia,2025-09-08
386,Rodolfo,Amato,rodolfo.amato@live.com,6046419785,Via Pietro 6 Appartamento 20,Isabella laziale,38976,Italia,2022-12-22
387,Ronaldo,Lombardi,ronaldo.lombardi@libero.it,7750954654,Rotonda Priuli 754,Settimo Costanzo calabro,86321,Italia,2025-01-16
388,Cesare,Ceci,cesare.ceci@tin.it,6457938970,Vicolo Lidia 1,Toscani sardo,54660,Italia,2023-07-20
389,Ludovica,Guarneri,ludovica.guarneri@libero.it,1394498830,Contrada Fantoni 80,Fabrizi terme,40630,Italia,2024-07-12
390,Flavia,Cesaroni,flavia.cesaroni@fastwebnet.it,7951330531,Canale Monduzzi 6 Piano 8,Sesto Massimiliano calabro,72773,Italia,2025-01-11
391,Ilaria,Donati,ilaria.donati@gmail.com,6091785138,Canale Schicchi 299 Appartamento 95,Prada a mare,87368,Italia,2023-04-30
392,Nicolò,Castioni,nicolò.castioni@tim.it,3319422686,Rotonda Camuccini 5 Piano 3,Taliani nell'emilia,72264,Italia,2022-10-13
393,Vito,Montessori,vito.montessori@outlook.com,1696663093,Piazza Modiano 3,Settimo Elena,15096,Italia,2025-02-11
394,Tullio,Ferragni,tullio.ferragni@alice.it,5327352410,Canale Chiara 32 Piano 8,Settimo Romina calabro,37100,Italia,2025-09-01
395,Giorgia,Pisano,giorgia.pisano@hotmail.com,6164819807,Rotonda Pasqual 8 Piano 6,San Ennio salentino,25652,Italia,2023-10-20
396,Natalia,Soprano,natalia.soprano@virgilio.it,1517734547,Via Enrico 4 Appartamento 35,Laura salentino,29477,Italia,2025-08-18
397,Lando,Costalonga,lando.costalonga@tin.it,9464303942,Viale Donati 29 Piano 8,Nicolò nell'emilia,87276,Italia,2022-10-30
398,Gemma,Boccioni,gemma.boccioni@poste.it,4332491357,Rotonda Gabriella 615,Sesto Angelica umbro,07983,Italia,2023-10-23
399,Girolamo,Fagotto,girolamo.fagotto@tiscali.it,7209484131,Borgo Gioachino 9,Scarlatti lido,51371,Italia,2024-08-24
400,Bruno,Silvestri,bruno.silvestri@virgilio.it,8939749096,Contrada Margherita 94 Piano 2,Tonino nell'emilia,44835,Italia,2023-12-09
401,Giovanna,Zamorani,giovanna.zamorani@hotmail.com,7127058772,Viale Massimo 8 Appartamento 31,Borgo Livio,58714,Italia,2025-05-11
402,Giacobbe,Costalonga,giacobbe.costalonga@poste.it,3622925879,Contrada Pagliaro 455 Piano 7,Pietro laziale,60606,Italia,2024-04-09
403,Fabia,Cilibrasi,fabia.cilibrasi@outlook.com,0334450566,Vicolo Tiziano 41,Borgo Ernesto calabro,97067,Italia,2023-10-31
404,Hugo,Panicucci,hugo.panicucci@libero.it,0548574172,Vicolo Leonardo 3,Quarto Gioele calabro,88402,Italia,2023-01-21
405,Susanna,Mazzini,susanna.mazzini@gmail.com,3257375534,Canale Piergiorgio 67,Settimo Atenulf umbro,09608,Italia,2024-02-28
406,Monica,Vasari,monica.vasari@live.com,9511918182,Strada Marisa 6 Piano 7,Corcos terme,12957,Italia,2025-01-04
407,Melina,Righi,melina.righi@libero.it,9409600356,Canale Filogamo 5 Appartamento 32,Sesto Filippo,08902,Italia,2025-01-23
408,Maurilio,Bompiani,maurilio.bompiani@poste.it,3334264335,Piazza Ruggeri 3,Bembo nell'emilia,63369,Italia,2023-04-19
409,Carmelo,Dulbecco,carmelo.dulbecco@hotmail.com,2317955633,Stretto Cardano 00 Piano 6,Calgari calabro,41643,Italia,2025-10-01
410,Calcedonio,Pellico,calcedonio.pellico@live.com,4502329028,Vicolo Nina 459,Cristoforetti veneto,28225,Italia,2023-03-26
411,Michela,Cutuli,michela.cutuli@libero.it,3465495005,Piazza Vattimo 98,Borgo Ciro,53161,Italia,2023-03-31
412,Salvi,Scarpa,salvi.scarpa@gmail.com,2904774258,Vicolo Ferrazzi 382 Appartamento 31,Quarto Ignazio laziale,33424,Italia,2024-03-01
413,Jolanda,Scamarcio,jolanda.scamarcio@yahoo.com,2565290603,Via Paride 09,Sordi calabro,96737,Italia,2025-05-30
414,Giuseppe,Verga,giuseppe.verga@outlook.com,4855245787,Rotonda Pompeo 0 Appartamento 13,Capuana lido,25476,Italia,2025-02-13
415,Bruno,Tiepolo,bruno.tiepolo@alice.it,8323035892,Stretto Giammusso 8,Sesto Ermes,29328,Italia,2025-05-12
416,Pietro,Finzi,pietro.finzi@fastwebnet.it,6468677524,Vicolo Carolina 062 Appartamento 72,Quarto Michela,66933,Italia,2024-04-04
417,Benedetto,Gemito,benedetto.gemito@fastwebnet.it,6192372450,Borgo Roncalli 18,Cortese lido,40641,Italia,2025-06-07
418,Rosario,Redi,rosario.redi@yahoo.com,7438119953,Contrada Rosaria 4,Eugenia umbro,64510,Italia,2023-03-14
419,Laura,Spanevello,laura.spanevello@tiscali.it,3964178996,Vicolo Rosa 1,San Marina del friuli,99660,Italia,2024-03-30
420,Fabrizia,Rossellini,fabrizia.rossellini@outlook.com,6603920514,Canale Muratori 34 Piano 0,Roman sardo,23885,Italia,2024-06-22
421,Marcella,Navarria,marcella.navarria@alice.it,1559835411,Incrocio Gaspare 75 Piano 7,Margherita ligure,50139,Italia,2024-02-02
422,Tonino,Zaguri,tonino.zaguri@vodafone.it,6913119642,Incrocio Coluccio 4 Appartamento 53,Barzini del friuli,40733,Italia,2023-10-24
423,Teresa,Gelli,teresa.gelli@outlook.com,2043097768,Stretto Beatrice 96 Piano 5,Puccio calabro,35851,Italia,2025-09-18
424,Donato,Migliaccio,donato.migliaccio@tiscali.it,1878519358,Vicolo Romiti 96,Borgo Alessio umbro,80572,Italia,2023-01-15
425,Giuliana,Nolcini,giuliana.nolcini@libero.it,9409762637,Vicolo Nedda 6 Appartamento 89,Sophia a mare,59119,Italia,2023-01-14
426,Virgilio,Porcellato,virgilio.porcellato@alice.it,3922071511,Viale Cicilia 21 Piano 5,Quarto Tiziana,71246,Italia,2023-08-15
427,Gianluigi,Nicolucci,gianluigi.nicolucci@libero.it,7184090805,Rotonda Oreste 09,Sole lido,39728,Italia,2023-09-12
428,Matteo,Cagnin,matteo.cagnin@tin.it,9272827090,Rotonda Giuliana 982 Appartamento 73,Settimo Martino,86718,Italia,2023-01-17
429,Martino,Gozzi,martino.gozzi@gmail.com,3736050791,Contrada Ludovico 734 Piano 6,Paolucci lido,07158,Italia,2024-10-29
430,Cristina,Pellegrini,cristina.pellegrini@vodafone.it,4080314998,Contrada Orlando 580,Tomasini umbro,85031,Italia,2024-09-17
431,Flavio,Gangemi,flavio.gangemi@poste.it,3739900631,Incrocio Ramona 560 Appartamento 29,Settimo Gemma,69434,Italia,2024-07-04
432,Graziella,Alonzi,graziella.alonzi@gmail.com,6437490607,Via Zaira 12,Fabio sardo,64844,Italia,2025-03-11
433,Giulio,Canova,giulio.canova@tim.it,3187328077,Via Brancaccio 1,Quarto Dina,72790,Italia,2025-08-02
434,Tiziano,Fattori,tiziano.fattori@virgilio.it,0902542573,Stretto Boccaccio 235,Asmundo nell'emilia,39848,Italia,2023-06-15
435,Emilio,Verri,emilio.verri@poste.it,1168809255,Incrocio Adamo 0,Zola lido,09810,Italia,2025-07-11
436,Priscilla,Simeoni,priscilla.simeoni@yahoo.com,4967379457,Via Ivan 2 Piano 4,Sesto Loretta,64207,Italia,2024-07-06
437,Jolanda,Vendetti,jolanda.vendetti@tiscali.it,2536667776,Via Turati 333 Appartamento 95,Vespa veneto,43627,Italia,2023-03-25
438,Alessandra,Samele,alessandra.samele@vodafone.it,0335826862,Contrada Lucrezia 9 Appartamento 69,Borgo Piergiorgio,73275,Italia,2025-05-13
439,Mariana,Turchetta,mariana.turchetta@libero.it,1100051553,Vicolo Mennea 7,Morgagni sardo,44182,Italia,2023-06-01
440,Ettore,Prada,ettore.prada@tim.it,2887431271,Viale Donatoni 957 Appartamento 70,Zito calabro,15122,Italia,2025-06-03
441,Leonardo,Pertile,leonardo.pertile@tin.it,3541597099,Stretto Hugo 0 Piano 5,San Federica,44765,Italia,2022-12-09
442,Guarino,Satta,guarino.satta@libero.it,8029090463,Incrocio Morabito 86,Morucci ligure,48374,Italia,2023-11-26
443,Bruno,Salgari,bruno.salgari@libero.it,8102131251,Piazza Lidia 591,Settimo Elena,51910,Italia,2025-10-05
444,Elladio,Filippelli,elladio.filippelli@libero.it,1106330165,Vicolo Fantozzi 49,Quarto Fiorino umbro,12342,Italia,2025-01-26
445,Aria,Fattori,aria.fattori@tim.it,3253269496,Rotonda Giusti 0 Piano 4,San Augusto,75096,Italia,2023-02-09
446,Gianna,Sabatini,gianna.sabatini@libero.it,5959194575,Rotonda Vergassola 3 Appartamento 92,Sesto Pierangelo nell'emilia,56777,Italia,2023-06-02
447,Elmo,Pavarotti,elmo.pavarotti@gmail.com,2562650622,Incrocio Sabatino 453,Quarto Ottone ligure,84337,Italia,2025-05-07
448,Lidia,Tarchetti,lidia.tarchetti@gmail.com,2705115794,Incrocio Silvestro 425 Piano 9,Castelli laziale,84552,Italia,2024-05-04
449,Annunziata,Sforza,annunziata.sforza@libero.it,7563353574,Via Ludovico 9 Appartamento 99,Borgo Severino,05816,Italia,2023-05-26
450,Eleanora,Migliaccio,eleanora.migliaccio@libero.it,7941763425,Rotonda Michele 7,Sesto Lucio,59833,Italia,2025-04-23
451,Claudia,Casellati,claudia.casellati@vodafone.it,3884366044,Canale Evangelista 15,Comisso nell'emilia,82975,Italia,2023-03-24
452,Guglielmo,Sanudo,guglielmo.sanudo@fastwebnet.it,9742925010,Rotonda Rita 6 Appartamento 65,Emanuelli calabro,45990,Italia,2024-12-10
453,Arsenio,Cherubini,arsenio.cherubini@live.com,1221823155,Viale Pasquale 0 Piano 6,Settimo Priscilla,37214,Italia,2023-09-26
454,Gino,Bertoni,gino.bertoni@hotmail.it,0370033228,Stretto Marina 70 Piano 8,San Galasso laziale,33970,Italia,2024-04-02
455,Iolanda,Bottigliero,iolanda.bottigliero@yahoo.com,8263280944,Borgo Margherita 4 Piano 3,Viridiana salentino,14707,Italia,2025-05-02
456,Fernanda,Torricelli,fernanda.torricelli@gmail.com,2106133943,Canale Elena 943 Appartamento 40,Borgo Sonia,37657,Italia,2024-06-06
457,Chiara,Deledda,chiara.deledda@live.com,8943191009,Viale Paruta 9,San Arnulfo,33651,Italia,2023-12-16
458,Piermaria,Argento,piermaria.argento@vodafone.it,1424731072,Vicolo Volterra 40,Bocca sardo,31660,Italia,2022-12-04
459,Stefano,Righi,stefano.righi@outlook.com,2090144734,Piazza Battisti 6,Giannelli sardo,45195,Italia,2024-09-15
460,Pina,Sermonti,pina.sermonti@hotmail.it,5588255629,Via Tagliafierro 8 Piano 5,Broggini laziale,25577,Italia,2025-01-22
461,Sophia,Dallara,sophia.dallara@libero.it,8295829236,Vicolo Adelmo 82,Sesto Severino,55868,Italia,2025-07-24
462,Pierina,Perozzo,pierina.perozzo@tiscali.it,6137230817,Contrada Forza 1,San Alderano,41321,Italia,2023-01-20
463,Giosuè,Samele,giosuè.samele@tim.it,5609456534,Canale Silvestro 755 Appartamento 47,Vasari lido,99570,Italia,2024-05-20
464,Angelo,Squarcione,angelo.squarcione@libero.it,4811317653,Stretto Salvini 961 Appartamento 29,Settimo Renzo lido,74968,Italia,2025-07-19
465,Lidia,Bellò,lidia.bellò@fastwebnet.it,8727420495,Viale Sebastiano 062,Battelli salentino,35973,Italia,2024-08-28
466,Ornella,Carriera,ornella.carriera@tim.it,2299077560,Viale Balotelli 68,Boitani lido,45768,Italia,2023-10-20
467,Teresa,Cibin,teresa.cibin@tim.it,2192378584,Stretto Annibale 324 Appartamento 60,Atenulf umbro,18498,Italia,2022-10-21
468,Leopoldo,Ciani,leopoldo.ciani@poste.it,7337773126,Stretto Ennio 781,Borgo Elena,53460,Italia,2024-08-08
469,Ansaldo,Michelangeli,ansaldo.michelangeli@gmail.com,3567932798,Strada Rinaldi 0 Piano 1,Borgo Martina terme,54647,Italia,2025-07-13
470,Ornella,Mortati,ornella.mortati@vodafone.it,4787698999,Rotonda Tuzzolino 9,Sesto Elisa salentino,49835,Italia,2024-02-23
471,Gino,Zichichi,gino.zichichi@virgilio.it,4358644963,Stretto Virgilio 37,San Lidia,33952,Italia,2025-07-09
472,Paloma,Tamburi,paloma.tamburi@gmail.com,6749785249,Piazza Boiardo 477 Piano 8,Filangieri salentino,67917,Italia,2024-08-17
473,Osvaldo,Mazzi,osvaldo.mazzi@tim.it,2150014188,Piazza Victoria 9 Appartamento 01,Eleanora sardo,46333,Italia,2025-05-25
474,Claudia,Interiano,claudia.interiano@hotmail.it,3208953263,Vicolo Lucia 4,Cattaneo lido,63379,Italia,2023-06-22
475,Victoria,Dovara,victoria.dovara@tiscali.it,1034699673,Viale Conti 6 Piano 0,Geronimo terme,68550,Italia,2024-11-21
476,Tonino,Pedrazzini,tonino.pedrazzini@outlook.com,5219626335,Borgo Parisi 7,Settimo Gioachino terme,70695,Italia,2024-04-18
477,Orazio,Aporti,orazio.aporti@live.com,7616453454,Piazza Orazio 03,Borgo Carmelo laziale,41847,Italia,2023-05-27
478,Lando,Civaschi,lando.civaschi@gmail.com,2364281319,Incrocio Detti 039 Appartamento 11,Paulina ligure,78522,Italia,2025-01-14
479,Flavio,Gozzano,flavio.gozzano@libero.it,2480880622,Vicolo Romana 94,Gozzano nell'emilia,13290,Italia,2023-01-20
480,Nicolò,Ciampi,nicolò.ciampi@libero.it,7876886878,Stretto Pistoletto 872 Appartamento 31,Rosaria salentino,96664,Italia,2024-05-10
481,Alfio,Medici,alfio.medici@live.com,0362792463,Viale Piane 75 Appartamento 72,Bergoglio del friuli,14505,Italia,2024-09-29
482,Orlando,Rismondo,orlando.rismondo@libero.it,5887071553,Via Lucrezia 8,Atenulf a mare,85076,Italia,2024-03-09
483,Nedda,Sbarbaro,nedda.sbarbaro@gmail.com,4508917768,Incrocio Marco 7,Emilio ligure,19646,Italia,2023-09-15
484,Ansaldo,Battisti,ansaldo.battisti@vodafone.it,2369362689,Piazza Giustino 7,Borgo Ruggero ligure,11759,Italia,2024-05-08
485,Serafina,Scotto,serafina.scotto@fastwebnet.it,5829849330,Viale Pirandello 944 Appartamento 28,Borgo Tiziana,72188,Italia,2024-04-23
486,Piergiuseppe,Piazzi,piergiuseppe.piazzi@gmail.com,4132971506,Piazza Montesano 14 Appartamento 77,Gabba veneto,34392,Italia,2024-03-13
487,Ermes,Molesini,ermes.molesini@yahoo.com,1111028671,Piazza Donato 55 Appartamento 02,Marco lido,91090,Italia,2023-08-02
488,Monica,Donati,monica.donati@gmail.com,1494981942,Canale Maura 8 Appartamento 79,Sesto Amedeo,52775,Italia,2024-12-06
489,Liberto,Magrassi,liberto.magrassi@gmail.com,3453372201,Viale Dino 145,Barbara del friuli,66189,Italia,2024-01-20
490,Jolanda,Foscari,jolanda.foscari@live.com,5263510046,Viale Chiaramonte 65 Appartamento 02,Pierluigi lido,52023,Italia,2024-12-12
491,Claudia,Taliercio,claudia.taliercio@fastwebnet.it,2600559550,Via Mariano 8,Virgilio veneto,60798,Italia,2024-01-01
492,Adele,Saraceno,adele.saraceno@libero.it,5069176799,Contrada Mantegazza 0,Settimo Giovanni,40830,Italia,2023-09-17
493,Pina,Salata,pina.salata@tiscali.it,0601488608,Stretto Fortunata 4 Appartamento 36,Federigo umbro,06153,Italia,2024-10-22
494,Alessandro,Calbo,alessandro.calbo@tin.it,2446263251,Via Tatiana 031,Ferdinando lido,51887,Italia,2024-12-09
495,Dario,Sollima,dario.sollima@tele2.it,1515263840,Rotonda Ernesto 8,Quarto Maria,05661,Italia,2024-12-12
496,Maura,Pinamonte,maura.pinamonte@virgilio.it,3979137876,Viale Francesco 950,Federica calabro,05712,Italia,2023-03-06
497,Carolina,Treccani,carolina.treccani@hotmail.it,9277885190,Piazza Canetta 424 Piano 2,Massimiliano veneto,85174,Italia,2024-01-16
498,Pier,Argurio,pier.argurio@libero.it,5212899151,Via Aurora 913 Appartamento 44,Settimo Aurora sardo,84160,Italia,2024-02-04
499,Tina,Pugliese,tina.pugliese@libero.it,4021190170,Via Zamorani 152,Settimo Imelda,07322,Italia,2025-09-02
500,Torquato,Giorgetti,torquato.giorgetti@gmail.com,8493783063,Via Pirandello 6 Piano 4,Settimo Simonetta,64970,Italia,2023-04-04
