id_dettaglio,id_ordine,id_prodotto,quantità,prezzo_unitario
1,169,231,4,309.67
2,322,209,1,797.25
3,549,184,2,488.21
4,463,158,4,458.14
5,272,62,1,709.3
6,162,156,5,151.62
7,42,111,3,48.87
8,152,47,2,157.08
9,365,203,5,112.56
10,51,154,3,97.92
11,179,16,4,579.47
12,464,285,5,457.55
13,256,49,4,600.95
14,105,72,1,801.59
15,13,32,2,746.26
16,134,102,4,161.96
17,382,44,5,972.03
18,601,133,1,681.12
19,23,34,2,365.19
20,662,228,2,692.16
21,95,170,1,840.66
22,44,237,1,744.17
23,173,294,4,711.23
24,742,203,4,112.56
25,31,196,4,755.46
26,177,182,2,754.71
27,192,141,3,6.68
28,457,77,1,55.34
29,629,126,3,270.47
30,511,211,5,73.61
31,491,32,1,746.26
32,287,197,2,840.03
33,430,103,5,613.62
34,256,279,1,916.49
35,392,184,4,488.21
36,558,249,3,823.01
37,580,258,3,947.85
38,398,139,2,388.27
39,27,164,5,54.97
40,225,16,3,579.47
41,60,242,5,19.08
42,367,300,2,835.55
43,164,52,2,90.23
44,673,124,3,29.66
45,547,29,2,216.56
46,590,199,3,566.15
47,178,91,2,124.29
48,607,163,3,805.09
49,606,15,3,554.28
50,582,289,2,624.52
51,577,97,4,319.6
52,556,159,2,719.75
53,503,20,1,166.84
54,58,120,5,356.91
55,225,11,5,106.7
56,490,1,3,29.89
57,629,104,2,669.52
58,349,91,3,124.29
59,61,12,2,362.18
60,601,73,1,195.63
61,539,187,1,907.39
62,383,203,5,112.56
63,104,173,3,275.36
64,331,70,2,864.52
65,750,224,4,880.92
66,665,163,2,805.09
67,725,288,5,416.18
68,366,115,5,945.33
69,180,194,3,750.28
70,752,151,2,467.66
71,182,1,5,29.89
72,401,291,1,551.47
73,187,163,5,805.09
74,227,290,1,761.19
75,509,73,3,195.63
76,764,40,2,683.3
77,356,164,2,54.97
78,652,46,3,842.46
79,458,6,3,563.44
80,215,128,1,226.32
81,359,132,1,354.39
82,738,1,1,29.89
83,396,225,4,558.01
84,171,212,4,17.59
85,388,180,5,857.45
86,385,52,4,90.23
87,592,116,2,547.86
88,463,38,1,597.91
89,302,11,3,106.7
90,268,54,1,132.75
91,351,88,4,61.6
92,165,39,5,971.22
93,96,174,5,142.68
94,629,248,1,941.36
95,442,85,5,968.87
96,445,81,1,168.81
97,104,170,2,840.66
98,195,210,5,350.47
99,740,277,3,578.37
100,677,145,3,668.56
101,244,50,1,116.31
102,403,293,5,33.73
103,503,79,1,170.48
104,370,2,4,227.09
105,90,151,5,467.66
106,492,103,1,613.62
107,27,106,2,268.14
108,654,150,1,290.48
109,485,60,3,341.4
110,408,242,4,19.08
111,677,136,1,112.86
112,658,279,4,916.49
113,190,190,4,263.86
114,379,96,4,673.33
115,46,135,4,182.67
116,477,135,2,182.67
117,276,289,1,624.52
118,155,50,1,116.31
119,685,177,5,544.9
120,424,117,5,432.64
121,63,199,5,566.15
122,429,275,4,232.78
123,587,121,4,973.97
124,307,41,4,769.76
125,732,18,5,985.3
126,585,265,5,688.95
127,694,76,1,808.98
128,776,230,2,297.76
129,172,109,2,507.88
130,130,22,4,611.09
131,81,223,2,798.84
132,643,76,5,808.98
133,265,164,1,54.97
134,90,199,5,566.15
135,407,283,3,333.15
136,283,267,4,649.4
137,13,268,4,76.05
138,116,213,2,110.01
139,152,291,5,551.47
140,597,52,1,90.23
141,577,52,3,90.23
142,549,177,4,544.9
143,271,197,4,840.03
144,586,243,1,277.94
145,177,142,4,367.4
146,148,206,1,594.14
147,406,170,2,840.66
148,51,244,3,698.93
149,382,11,3,106.7
150,311,160,3,402.65
151,504,51,2,243.26
152,138,154,4,97.92
153,793,165,3,459.18
154,747,214,5,708.77
155,662,46,2,842.46
156,453,109,4,507.88
157,759,249,5,823.01
158,383,29,5,216.56
159,163,34,3,365.19
160,727,260,4,243.67
161,139,269,5,597.07
162,30,89,2,852.09
163,206,30,2,885.26
164,34,234,1,355.05
165,370,102,3,161.96
166,378,238,5,195.58
167,407,64,1,75.5
168,248,191,4,457.43
169,609,229,2,450.93
170,486,283,3,333.15
171,353,84,3,159.02
172,767,47,3,157.08
173,29,198,1,242.35
174,167,293,2,33.73
175,227,116,2,547.86
176,276,210,5,350.47
177,21,5,4,98.23
178,136,89,5,852.09
179,9,115,3,945.33
180,623,157,3,984.02
181,434,193,3,835.74
182,471,130,2,28.55
183,478,155,5,674.43
184,639,204,5,577.92
185,105,4,5,592.54
186,679,192,5,281.87
187,663,145,3,668.56
188,701,56,4,964.54
189,66,173,3,275.36
190,656,167,3,831.42
191,268,153,2,660.56
192,154,265,2,688.95
193,59,207,3,106.39
194,698,72,1,801.59
195,672,255,3,908.96
196,266,215,4,735.13
197,398,19,5,383.23
198,726,293,2,33.73
199,352,114,5,563.1
200,654,244,3,698.93
201,520,154,2,97.92
202,674,286,2,326.66
203,301,50,4,116.31
204,132,133,5,681.12
205,782,94,3,935.03
206,671,46,2,842.46
207,364,115,3,945.33
208,431,170,3,840.66
209,267,300,3,835.55
210,475,61,4,590.5
211,55,299,5,511.33
212,636,37,4,598.43
213,200,257,1,611.58
214,698,196,5,755.46
215,306,212,1,17.59
216,155,71,2,65.31
217,351,210,5,350.47
218,469,74,3,144.48
219,733,93,1,422.13
220,500,171,2,628.61
221,321,30,1,885.26
222,463,141,2,6.68
223,780,87,5,586.26
224,783,82,4,268.88
225,782,46,2,842.46
226,630,223,4,798.84
227,414,220,4,751.72
228,393,3,1,678.32
229,547,103,3,613.62
230,15,165,5,459.18
231,196,10,1,159.7
232,642,128,2,226.32
233,711,177,3,544.9
234,133,53,4,978.09
235,516,157,2,984.02
236,67,24,3,989.58
237,298,234,5,355.05
238,611,269,3,597.07
239,445,69,3,357.53
240,502,184,2,488.21
241,169,207,1,106.39
242,234,115,2,945.33
243,217,12,5,362.18
244,517,87,1,586.26
245,376,20,4,166.84
246,656,131,5,331.62
247,639,25,5,686.19
248,50,56,1,964.54
249,50,60,4,341.4
250,455,195,1,228.1
251,561,130,4,28.55
252,719,79,2,170.48
253,712,5,3,98.23
254,431,52,5,90.23
255,277,71,4,65.31
256,108,262,5,690.92
257,121,145,1,668.56
258,109,255,2,908.96
259,624,103,3,613.62
260,536,104,3,669.52
261,721,210,3,350.47
262,165,21,5,671.82
263,509,107,4,275.99
264,339,121,1,973.97
265,14,46,1,842.46
266,588,253,2,560.28
267,93,262,1,690.92
268,741,52,3,90.23
269,660,119,4,214.03
270,304,136,4,112.86
271,52,52,2,90.23
272,41,149,3,409.04
273,694,161,4,893.2
274,757,60,1,341.4
275,777,24,1,989.58
276,142,88,3,61.6
277,367,225,5,558.01
278,275,48,3,541.68
279,351,94,1,935.03
280,411,205,4,941.76
281,279,198,4,242.35
282,432,86,1,749.24
283,136,31,2,147.16
284,107,214,5,708.77
285,495,292,4,881.44
286,186,195,3,228.1
287,627,15,2,554.28
288,495,250,1,78.71
289,422,226,1,90.18
290,65,134,3,939.54
291,13,269,5,597.07
292,742,290,2,761.19
293,686,174,5,142.68
294,536,49,4,600.95
295,678,128,4,226.32
296,355,198,2,242.35
297,572,28,1,913.57
298,659,81,5,168.81
299,481,254,2,776.82
300,77,252,3,89.76
301,247,170,3,840.66
302,52,260,2,243.67
303,564,194,4,750.28
304,241,41,4,769.76
305,455,294,4,711.23
306,91,256,4,308.85
307,324,61,4,590.5
308,764,10,1,159.7
309,414,212,1,17.59
310,571,282,1,324.45
311,94,156,5,151.62
312,576,106,4,268.14
313,350,187,1,907.39
314,229,233,3,428.38
315,574,243,3,277.94
316,734,232,1,475.89
317,100,114,1,563.1
318,350,182,3,754.71
319,561,268,3,76.05
320,719,55,1,268.73
321,169,253,2,560.28
322,735,210,1,350.47
323,261,101,2,879.87
324,124,202,2,778.9
325,469,98,3,14.27
326,111,213,1,110.01
327,649,64,4,75.5
328,469,259,2,268.32
329,511,3,5,678.32
330,754,25,5,686.19
331,444,300,4,835.55
332,521,91,5,124.29
333,178,66,1,724.74
334,397,165,5,459.18
335,394,215,5,735.13
336,710,128,3,226.32
337,408,176,3,68.91
338,464,69,2,357.53
339,423,263,3,37.48
340,719,281,3,472.66
341,729,284,2,291.78
342,206,108,5,719.02
343,732,149,3,409.04
344,689,68,2,194.46
345,516,278,3,473.15
346,728,60,3,341.4
347,576,246,5,472.05
348,585,214,5,708.77
349,293,217,1,467.55
350,536,55,1,268.73
351,391,75,1,465.31
352,687,29,2,216.56
353,274,83,3,288.82
354,700,129,2,308.66
355,64,152,2,513.62
356,772,278,1,473.15
357,368,232,1,475.89
358,631,288,2,416.18
359,761,288,4,416.18
360,244,262,3,690.92
361,710,25,4,686.19
362,397,214,3,708.77
363,566,28,1,913.57
364,762,129,2,308.66
365,636,227,2,491.13
366,649,189,5,867.52
367,560,101,2,879.87
368,302,230,2,297.76
369,700,39,2,971.22
370,178,264,1,704.47
371,387,21,4,671.82
372,286,285,3,457.55
373,134,83,5,288.82
374,262,3,3,678.32
375,478,80,1,217.68
376,158,166,5,950.29
377,53,155,4,674.43
378,587,282,3,324.45
379,75,163,5,805.09
380,226,95,5,242.49
381,70,259,2,268.32
382,426,279,5,916.49
383,414,48,3,541.68
384,227,110,3,96.84
385,340,185,3,670.53
386,224,272,4,440.57
387,575,5,1,98.23
388,685,178,4,210.8
389,247,125,1,783.47
390,699,165,4,459.18
391,117,198,3,242.35
392,554,145,1,668.56
393,530,192,5,281.87
394,521,229,4,450.93
395,45,152,2,513.62
396,329,264,1,704.47
397,99,86,5,749.24
398,547,4,1,592.54
399,216,110,4,96.84
400,107,106,5,268.14
401,720,223,1,798.84
402,765,79,1,170.48
403,471,170,1,840.66
404,90,38,1,597.91
405,183,129,5,308.66
406,73,295,2,554.49
407,265,209,4,797.25
408,462,208,4,851.04
409,324,9,4,699.65
410,690,61,5,590.5
411,7,33,5,748.28
412,47,38,3,597.91
413,515,55,3,268.73
414,703,155,5,674.43
415,89,145,4,668.56
416,391,203,1,112.56
417,486,81,5,168.81
418,226,70,4,864.52
419,559,152,2,513.62
420,306,192,1,281.87
421,567,285,2,457.55
422,127,22,1,611.09
423,587,202,5,778.9
424,561,44,3,972.03
425,216,177,2,544.9
426,423,263,2,37.48
427,165,95,2,242.49
428,632,130,2,28.55
429,118,93,5,422.13
430,56,282,4,324.45
431,661,282,1,324.45
432,298,35,3,95.45
433,101,102,5,161.96
434,499,170,3,840.66
435,132,121,1,973.97
436,292,36,2,157.08
437,326,249,4,823.01
438,337,157,5,984.02
439,157,290,5,761.19
440,374,162,4,779.53
441,173,3,3,678.32
442,253,114,4,563.1
443,284,185,2,670.53
444,696,170,4,840.66
445,474,229,3,450.93
446,794,157,4,984.02
447,565,56,2,964.54
448,662,42,3,297.03
449,144,276,2,999.57
450,270,40,1,683.3
451,20,260,1,243.67
452,596,297,4,947.33
453,788,109,1,507.88
454,565,134,5,939.54
455,553,242,2,19.08
456,375,201,2,171.95
457,791,149,2,409.04
458,476,257,5,611.58
459,93,204,3,577.92
460,515,6,2,563.44
461,629,85,5,968.87
462,144,229,2,450.93
463,184,290,5,761.19
464,676,75,4,465.31
465,368,21,2,671.82
466,780,250,2,78.71
467,65,136,3,112.86
468,240,22,2,611.09
469,531,185,4,670.53
470,481,233,1,428.38
471,41,166,1,950.29
472,721,267,3,649.4
473,760,135,5,182.67
474,558,292,2,881.44
475,386,194,3,750.28
476,602,40,5,683.3
477,258,193,2,835.74
478,529,208,3,851.04
479,354,250,4,78.71
480,619,4,5,592.54
481,143,226,2,90.18
482,236,40,5,683.3
483,659,144,2,721.16
484,154,96,2,673.33
485,371,61,2,590.5
486,425,170,1,840.66
487,494,246,4,472.05
488,216,83,4,288.82
489,23,125,1,783.47
490,131,294,5,711.23
491,165,69,5,357.53
492,41,294,2,711.23
493,58,86,3,749.24
494,185,265,4,688.95
495,614,289,1,624.52
496,737,146,1,698.72
497,222,230,5,297.76
498,483,247,2,188.44
499,225,211,5,73.61
500,147,299,2,511.33
501,639,262,3,690.92
502,172,176,4,68.91
503,611,36,2,157.08
504,388,198,2,242.35
505,112,9,2,699.65
506,536,259,4,268.32
507,154,50,2,116.31
508,488,20,5,166.84
509,516,61,1,590.5
510,494,67,5,246.78
511,553,1,4,29.89
512,535,216,3,617.83
513,45,272,4,440.57
514,235,247,4,188.44
515,359,295,1,554.49
516,436,69,3,357.53
517,489,120,1,356.91
518,291,279,4,916.49
519,264,97,1,319.6
520,727,4,5,592.54
521,536,61,5,590.5
522,8,193,2,835.74
523,705,162,4,779.53
524,371,55,2,268.73
525,437,300,3,835.55
526,268,275,4,232.78
527,579,188,5,88.53
528,283,204,2,577.92
529,424,283,5,333.15
530,495,92,3,581.02
531,573,285,4,457.55
532,260,158,5,458.14
533,353,204,2,577.92
534,676,61,2,590.5
535,458,83,1,288.82
536,220,261,4,160.75
537,347,282,5,324.45
538,714,27,2,404.16
539,399,3,1,678.32
540,149,242,5,19.08
541,446,46,1,842.46
542,270,114,3,563.1
543,82,20,4,166.84
544,411,267,3,649.4
545,729,30,2,885.26
546,656,254,4,776.82
547,11,104,5,669.52
548,293,100,1,136.79
549,614,262,5,690.92
550,716,119,5,214.03
551,174,19,3,383.23
552,245,1,2,29.89
553,89,142,4,367.4
554,362,203,4,112.56
555,601,103,5,613.62
556,16,36,1,157.08
557,563,146,5,698.72
558,597,179,3,905.31
559,284,116,5,547.86
560,200,233,4,428.38
561,589,3,3,678.32
562,180,209,5,797.25
563,110,287,1,865.59
564,516,151,3,467.66
565,120,263,3,37.48
566,551,295,3,554.49
567,711,227,4,491.13
568,577,248,2,941.36
569,776,174,4,142.68
570,698,236,5,722.68
571,29,247,1,188.44
572,265,35,4,95.45
573,649,113,2,742.52
574,324,212,3,17.59
575,529,275,1,232.78
576,718,135,2,182.67
577,295,48,4,541.68
578,690,176,1,68.91
579,568,92,4,581.02
580,322,182,2,754.71
581,588,138,2,608.18
582,765,98,4,14.27
583,755,103,2,613.62
584,754,124,3,29.66
585,212,118,2,367.83
586,256,183,2,490.79
587,798,55,1,268.73
588,81,253,5,560.28
589,7,278,1,473.15
590,494,191,5,457.43
591,323,253,5,560.28
592,282,252,2,89.76
593,783,262,3,690.92
594,408,114,5,563.1
595,132,28,5,913.57
596,434,245,5,107.07
597,34,258,3,947.85
598,404,90,4,676.84
599,124,266,4,428.01
600,324,5,1,98.23
601,691,108,4,719.02
602,595,52,3,90.23
603,371,133,2,681.12
604,562,135,2,182.67
605,276,242,5,19.08
606,352,188,2,88.53
607,511,218,2,325.69
608,430,191,3,457.43
609,411,144,4,721.16
610,185,293,2,33.73
611,590,118,1,367.83
612,739,139,2,388.27
613,569,222,4,185.93
614,201,75,2,465.31
615,485,5,2,98.23
616,432,256,2,308.85
617,646,265,5,688.95
618,738,162,4,779.53
619,308,129,5,308.66
620,582,25,4,686.19
621,102,84,1,159.02
622,221,131,4,331.62
623,645,50,4,116.31
624,763,172,3,82.1
625,370,185,5,670.53
626,571,132,3,354.39
627,21,211,1,73.61
628,360,102,5,161.96
629,590,276,2,999.57
630,800,146,3,698.72
631,333,262,4,690.92
632,794,229,1,450.93
633,391,147,4,195.88
634,647,75,2,465.31
635,656,173,4,275.36
636,647,293,4,33.73
637,74,41,2,769.76
638,352,117,3,432.64
639,325,150,3,290.48
640,620,203,3,112.56
641,456,186,5,841.3
642,534,231,4,309.67
643,172,95,1,242.49
644,129,121,3,973.97
645,762,41,2,769.76
646,171,204,1,577.92
647,98,33,4,748.28
648,562,28,1,913.57
649,790,204,5,577.92
650,784,43,1,8.23
651,269,80,1,217.68
652,671,200,3,700.97
653,235,127,3,385.63
654,454,65,2,670.63
655,540,88,1,61.6
656,36,183,3,490.79
657,488,240,5,980.61
658,279,281,4,472.66
659,139,277,2,578.37
660,606,234,5,355.05
661,446,269,5,597.07
662,318,178,4,210.8
663,553,117,1,432.64
664,453,158,3,458.14
665,423,134,2,939.54
666,311,6,1,563.44
667,536,70,3,864.52
668,294,241,5,231.35
669,9,252,4,89.76
670,307,5,4,98.23
671,300,119,1,214.03
672,562,192,2,281.87
673,422,288,4,416.18
674,405,128,2,226.32
675,733,200,4,700.97
676,226,135,1,182.67
677,433,123,5,976.33
678,783,140,3,258.45
679,665,273,3,889.98
680,423,97,1,319.6
681,187,70,3,864.52
682,114,234,5,355.05
683,464,140,5,258.45
684,504,97,3,319.6
685,20,78,1,969.15
686,548,12,2,362.18
687,105,145,3,668.56
688,129,225,1,558.01
689,239,47,2,157.08
690,16,253,2,560.28
691,351,216,3,617.83
692,511,191,4,457.43
693,714,17,3,50.6
694,83,75,1,465.31
695,273,201,1,171.95
696,557,241,2,231.35
697,197,129,4,308.66
698,13,63,2,72.06
699,395,227,2,491.13
700,756,18,2,985.3
701,472,49,5,600.95
702,682,107,4,275.99
703,399,160,3,402.65
704,163,22,5,611.09
705,534,63,3,72.06
706,493,153,2,660.56
707,370,27,2,404.16
708,116,121,4,973.97
709,333,8,2,810.38
710,283,300,1,835.55
711,406,125,1,783.47
712,44,298,4,500.88
713,705,80,3,217.68
714,790,46,2,842.46
715,162,256,1,308.85
716,703,174,1,142.68
717,62,183,2,490.79
718,719,275,1,232.78
719,129,250,2,78.71
720,325,286,3,326.66
721,450,99,1,77.89
722,706,194,3,750.28
723,742,69,3,357.53
724,41,249,4,823.01
725,573,151,5,467.66
726,714,251,2,155.97
727,581,96,5,673.33
728,357,166,4,950.29
729,282,284,2,291.78
730,71,272,2,440.57
731,461,152,3,513.62
732,555,188,4,88.53
733,1,260,4,243.67
734,752,95,1,242.49
735,635,187,5,907.39
736,245,165,1,459.18
737,675,276,4,999.57
738,195,269,4,597.07
739,785,283,2,333.15
740,628,145,3,668.56
741,420,165,1,459.18
742,99,268,1,76.05
743,45,67,2,246.78
744,33,104,1,669.52
745,498,99,1,77.89
746,33,293,4,33.73
747,674,251,5,155.97
748,639,132,1,354.39
749,376,114,5,563.1
750,736,37,1,598.43
751,214,252,1,89.76
752,480,32,3,746.26
753,572,213,3,110.01
754,726,30,5,885.26
755,273,271,1,701.24
756,752,37,3,598.43
757,80,111,5,48.87
758,100,52,2,90.23
759,545,198,2,242.35
760,198,270,2,441.96
761,584,92,5,581.02
762,768,286,4,326.66
763,765,55,5,268.73
764,367,235,4,310.09
765,107,86,2,749.24
766,564,206,5,594.14
767,346,81,5,168.81
768,615,227,3,491.13
769,323,282,3,324.45
770,381,212,4,17.59
771,744,166,5,950.29
772,247,289,5,624.52
773,220,193,5,835.74
774,763,131,3,331.62
775,464,230,4,297.76
776,1,18,3,985.3
777,611,9,5,699.65
778,139,155,1,674.43
779,308,114,2,563.1
780,323,12,3,362.18
781,567,262,5,690.92
782,585,293,2,33.73
783,97,20,4,166.84
784,365,80,2,217.68
785,272,188,5,88.53
786,256,120,3,356.91
787,308,48,5,541.68
788,410,292,2,881.44
789,752,40,3,683.3
790,495,89,4,852.09
791,707,296,1,992.3
792,610,154,1,97.92
793,749,296,4,992.3
794,81,29,3,216.56
795,357,223,4,798.84
796,124,117,5,432.64
797,12,196,1,755.46
798,313,269,1,597.07
799,327,277,5,578.37
800,154,168,5,897.72
801,715,114,2,563.1
802,52,202,4,778.9
803,771,295,5,554.49
804,93,114,4,563.1
805,297,202,2,778.9
806,136,173,1,275.36
807,488,293,1,33.73
808,562,205,3,941.76
809,88,205,5,941.76
810,445,67,2,246.78
811,493,287,2,865.59
812,500,203,5,112.56
813,201,288,5,416.18
814,754,269,2,597.07
815,249,37,3,598.43
816,796,221,3,339.71
817,702,295,1,554.49
818,116,212,4,17.59
819,375,179,2,905.31
820,329,177,5,544.9
821,672,13,3,808.09
822,174,180,5,857.45
823,453,75,4,465.31
824,46,120,2,356.91
825,702,192,2,281.87
826,776,44,1,972.03
827,758,28,2,913.57
828,636,76,3,808.98
829,15,176,1,68.91
830,313,231,4,309.67
831,24,170,2,840.66
832,758,276,2,999.57
833,209,280,5,636.61
834,769,133,5,681.12
835,495,73,1,195.63
836,386,299,5,511.33
837,45,131,2,331.62
838,62,146,2,698.72
839,714,139,1,388.27
840,477,5,1,98.23
841,398,139,3,388.27
842,111,10,3,159.7
843,665,198,2,242.35
844,390,261,1,160.75
845,324,249,5,823.01
846,545,46,2,842.46
847,204,257,4,611.58
848,575,12,1,362.18
849,254,272,3,440.57
850,342,251,4,155.97
851,763,81,1,168.81
852,356,181,3,479.59
853,641,155,2,674.43
854,514,142,1,367.4
855,641,132,4,354.39
856,31,285,3,457.55
857,231,78,3,969.15
858,403,71,1,65.31
859,748,196,5,755.46
860,695,117,4,432.64
861,247,294,2,711.23
862,437,160,5,402.65
863,338,230,5,297.76
864,135,106,2,268.14
865,595,278,2,473.15
866,142,159,5,719.75
867,139,221,2,339.71
868,672,290,2,761.19
869,326,35,5,95.45
870,546,61,2,590.5
871,326,75,1,465.31
872,784,164,4,54.97
873,422,156,4,151.62
874,764,141,2,6.68
875,798,97,1,319.6
876,135,95,1,242.49
877,781,137,5,729.9
878,581,119,5,214.03
879,238,119,1,214.03
880,368,41,4,769.76
881,138,258,5,947.85
882,481,192,2,281.87
883,397,252,4,89.76
884,141,84,2,159.02
885,232,17,4,50.6
886,783,8,3,810.38
887,423,114,2,563.1
888,776,105,1,932.1
889,182,225,5,558.01
890,502,167,4,831.42
891,253,219,4,282.53
892,795,22,5,611.09
893,753,195,3,228.1
894,404,293,5,33.73
895,550,269,1,597.07
896,534,56,4,964.54
897,468,22,2,611.09
898,532,276,4,999.57
899,753,21,5,671.82
900,397,265,1,688.95
901,195,150,4,290.48
902,408,156,3,151.62
903,473,86,4,749.24
904,302,28,5,913.57
905,146,238,4,195.58
906,93,257,1,611.58
907,185,300,5,835.55
908,139,202,4,778.9
909,332,231,1,309.67
910,184,233,5,428.38
911,730,104,4,669.52
912,93,129,3,308.66
913,709,84,1,159.02
914,94,59,4,125.4
915,650,186,1,841.3
916,537,197,5,840.03
917,627,82,4,268.88
918,564,195,1,228.1
919,787,88,3,61.6
920,580,77,2,55.34
921,149,92,1,581.02
922,430,158,3,458.14
923,748,229,3,450.93
924,642,93,1,422.13
925,135,104,1,669.52
926,638,130,1,28.55
927,470,255,4,908.96
928,557,3,5,678.32
929,506,122,2,926.14
930,603,244,4,698.93
931,420,227,1,491.13
932,616,4,2,592.54
933,561,143,5,625.04
934,644,286,2,326.66
935,51,95,2,242.49
936,57,179,1,905.31
937,149,17,5,50.6
938,618,153,3,660.56
939,90,26,1,232.9
940,427,92,2,581.02
941,689,146,5,698.72
942,677,294,5,711.23
943,182,234,5,355.05
944,369,19,1,383.23
945,787,154,3,97.92
946,378,195,1,228.1
947,777,219,5,282.53
948,67,150,4,290.48
949,138,63,3,72.06
950,338,270,4,441.96
951,538,108,2,719.02
952,627,30,1,885.26
953,586,271,1,701.24
954,496,148,4,678.93
955,624,163,3,805.09
956,539,295,5,554.49
957,363,67,5,246.78
958,577,255,5,908.96
959,747,255,4,908.96
960,185,120,3,356.91
961,199,1,1,29.89
962,25,239,1,280.12
963,756,107,5,275.99
964,425,212,1,17.59
965,342,180,5,857.45
966,653,109,1,507.88
967,656,104,3,669.52
968,261,35,3,95.45
969,308,260,5,243.67
970,332,4,1,592.54
971,703,171,3,628.61
972,406,292,5,881.44
973,30,90,2,676.84
974,339,174,4,142.68
975,486,19,2,383.23
976,494,80,4,217.68
977,550,172,4,82.1
978,424,29,5,216.56
979,307,290,3,761.19
980,569,275,1,232.78
981,214,296,3,992.3
982,363,34,2,365.19
983,288,16,3,579.47
984,385,274,2,605.7
985,585,200,2,700.97
986,610,60,3,341.4
987,723,162,1,779.53
988,279,212,1,17.59
989,509,122,3,926.14
990,463,155,2,674.43
991,538,155,2,674.43
992,115,192,1,281.87
993,797,104,1,669.52
994,455,260,1,243.67
995,495,257,2,611.58
996,195,175,4,695.48
997,751,269,3,597.07
998,795,168,2,897.72
999,788,51,5,243.26
1000,693,68,2,194.46
1001,742,19,4,383.23
1002,397,268,1,76.05
1003,5,160,1,402.65
1004,704,45,3,510.14
1005,479,24,1,989.58
1006,534,160,1,402.65
1007,592,160,2,402.65
1008,329,103,2,613.62
1009,294,142,5,367.4
1010,327,226,1,90.18
1011,280,77,2,55.34
1012,281,59,1,125.4
1013,638,287,5,865.59
1014,105,106,5,268.14
1015,359,282,3,324.45
1016,278,73,3,195.63
1017,588,126,2,270.47
1018,73,160,5,402.65
1019,347,277,4,578.37
1020,52,67,1,246.78
1021,483,26,1,232.9
1022,393,28,1,913.57
1023,437,201,2,171.95
1024,722,229,5,450.93
1025,365,160,3,402.65
1026,203,274,1,605.7
1027,774,239,5,280.12
1028,135,48,4,541.68
1029,100,234,3,355.05
1030,701,239,4,280.12
1031,238,115,2,945.33
1032,632,133,3,681.12
1033,402,94,3,935.03
1034,333,233,4,428.38
1035,31,34,4,365.19
1036,116,180,4,857.45
1037,473,88,3,61.6
1038,787,179,5,905.31
1039,589,66,5,724.74
1040,106,208,1,851.04
1041,334,285,1,457.55
1042,310,273,4,889.98
1043,411,212,2,17.59
1044,636,125,5,783.47
1045,163,247,4,188.44
1046,68,175,2,695.48
1047,711,221,4,339.71
1048,581,176,5,68.91
1049,711,121,2,973.97
1050,679,40,5,683.3
1051,499,59,5,125.4
1052,611,238,3,195.58
1053,569,50,4,116.31
1054,181,158,4,458.14
1055,72,56,5,964.54
1056,790,195,3,228.1
1057,507,32,1,746.26
1058,223,72,5,801.59
1059,774,1,2,29.89
1060,677,77,4,55.34
1061,545,150,4,290.48
1062,631,296,4,992.3
1063,201,106,3,268.14
1064,307,292,3,881.44
1065,446,177,1,544.9
1066,597,5,5,98.23
1067,523,207,2,106.39
1068,302,32,3,746.26
1069,563,28,1,913.57
1070,721,287,3,865.59
1071,113,145,1,668.56
1072,241,222,5,185.93
1073,404,163,4,805.09
1074,416,196,4,755.46
1075,559,109,2,507.88
1076,487,72,2,801.59
1077,569,197,3,840.03
1078,428,79,3,170.48
1079,687,65,2,670.63
1080,12,37,1,598.43
1081,148,250,4,78.71
1082,140,44,2,972.03
1083,658,213,4,110.01
1084,713,218,5,325.69
1085,185,233,5,428.38
1086,435,283,4,333.15
1087,394,182,2,754.71
1088,191,218,5,325.69
1089,8,296,4,992.3
1090,749,122,5,926.14
1091,276,211,5,73.61
1092,591,188,1,88.53
1093,39,291,4,551.47
1094,722,189,1,867.52
1095,595,247,1,188.44
1096,146,270,3,441.96
1097,477,265,1,688.95
1098,536,46,2,842.46
1099,484,40,5,683.3
1100,594,160,5,402.65
1101,55,176,5,68.91
1102,798,6,4,563.44
1103,465,263,4,37.48
1104,588,170,4,840.66
1105,362,151,3,467.66
1106,172,19,5,383.23
1107,768,156,5,151.62
1108,267,32,4,746.26
1109,593,87,5,586.26
1110,53,150,5,290.48
1111,28,147,4,195.88
1112,85,65,5,670.63
1113,79,143,3,625.04
1114,136,144,3,721.16
1115,264,8,1,810.38
1116,619,90,5,676.84
1117,757,78,4,969.15
1118,379,90,3,676.84
1119,718,121,4,973.97
1120,186,271,1,701.24
1121,352,44,2,972.03
1122,610,79,4,170.48
1123,771,212,4,17.59
1124,244,226,2,90.18
1125,216,296,3,992.3
1126,56,136,1,112.86
1127,54,86,4,749.24
1128,409,244,3,698.93
1129,488,273,2,889.98
1130,389,200,4,700.97
1131,269,75,5,465.31
1132,446,7,3,224.34
1133,460,196,3,755.46
1134,543,22,1,611.09
1135,545,182,4,754.71
1136,626,140,3,258.45
1137,277,137,1,729.9
1138,262,300,4,835.55
1139,473,124,5,29.66
1140,789,100,5,136.79
1141,346,93,3,422.13
1142,561,6,1,563.44
1143,70,7,4,224.34
1144,101,269,1,597.07
1145,702,229,3,450.93
1146,225,146,3,698.72
1147,198,18,1,985.3
1148,635,48,1,541.68
1149,609,112,5,638.93
1150,654,63,1,72.06
1151,89,67,4,246.78
1152,673,290,2,761.19
1153,114,95,3,242.49
1154,302,240,1,980.61
1155,655,233,3,428.38
1156,788,219,3,282.53
1157,264,83,1,288.82
1158,284,32,4,746.26
1159,398,171,1,628.61
1160,265,136,2,112.86
1161,452,36,4,157.08
1162,206,202,2,778.9
1163,661,252,1,89.76
1164,148,277,4,578.37
1165,224,55,4,268.73
1166,733,133,1,681.12
1167,36,38,1,597.91
1168,586,129,4,308.66
1169,20,255,2,908.96
1170,669,1,1,29.89
1171,681,200,3,700.97
1172,156,169,4,452.82
1173,589,2,5,227.09
1174,725,252,4,89.76
1175,447,207,1,106.39
1176,554,116,1,547.86
1177,394,247,1,188.44
1178,581,275,3,232.78
1179,342,156,4,151.62
1180,57,47,3,157.08
1181,548,175,1,695.48
1182,471,149,2,409.04
1183,181,284,1,291.78
1184,394,98,3,14.27
1185,713,200,1,700.97
1186,646,184,4,488.21
1187,87,225,2,558.01
1188,144,19,2,383.23
1189,26,123,4,976.33
1190,399,33,5,748.28
1191,659,158,4,458.14
1192,547,231,1,309.67
1193,38,174,1,142.68
1194,346,22,4,611.09
1195,122,109,5,507.88
1196,470,275,2,232.78
1197,759,297,2,947.33
1198,74,19,2,383.23
1199,501,10,4,159.7
1200,634,24,2,989.58
1201,719,67,1,246.78
1202,177,26,3,232.9
1203,100,234,5,355.05
1204,175,33,1,748.28
1205,117,255,5,908.96
1206,631,113,1,742.52
1207,208,219,3,282.53
1208,756,206,3,594.14
1209,124,295,5,554.49
1210,141,165,2,459.18
1211,783,24,5,989.58
1212,178,172,1,82.1
1213,124,141,2,6.68
1214,776,213,2,110.01
1215,714,190,5,263.86
1216,169,225,2,558.01
1217,596,21,2,671.82
1218,103,193,2,835.74
1219,17,250,1,78.71
1220,7,4,2,592.54
1221,92,146,4,698.72
1222,711,244,2,698.93
1223,212,74,3,144.48
1224,536,231,4,309.67
1225,245,90,5,676.84
1226,709,20,5,166.84
1227,185,256,5,308.85
1228,91,155,3,674.43
1229,429,3,5,678.32
1230,242,99,1,77.89
1231,543,49,5,600.95
1232,371,277,5,578.37
1233,225,238,2,195.58
1234,284,28,2,913.57
1235,116,77,4,55.34
1236,510,91,2,124.29
1237,687,23,1,167.59
1238,661,187,3,907.39
1239,215,223,3,798.84
1240,343,233,1,428.38
1241,107,27,5,404.16
1242,181,81,1,168.81
1243,497,264,1,704.47
1244,73,121,4,973.97
1245,607,297,3,947.33
1246,430,102,3,161.96
1247,236,57,3,714.38
1248,234,51,2,243.26
1249,756,212,2,17.59
1250,385,113,1,742.52
1251,483,300,4,835.55
1252,56,224,2,880.92
1253,222,233,2,428.38
1254,397,192,2,281.87
1255,469,100,3,136.79
1256,277,104,3,669.52
1257,131,17,5,50.6
1258,62,144,2,721.16
1259,114,239,4,280.12
1260,429,88,3,61.6
1261,226,152,5,513.62
1262,161,88,5,61.6
1263,567,118,1,367.83
1264,422,268,4,76.05
1265,222,243,4,277.94
1266,286,8,4,810.38
1267,754,127,2,385.63
1268,336,223,5,798.84
1269,228,77,5,55.34
1270,6,214,1,708.77
1271,42,241,5,231.35
1272,35,218,5,325.69
1273,404,246,1,472.05
1274,464,254,2,776.82
1275,86,286,1,326.66
1276,710,209,2,797.25
1277,136,184,3,488.21
1278,245,47,1,157.08
1279,492,157,2,984.02
1280,721,236,5,722.68
1281,766,299,1,511.33
1282,466,238,2,195.58
1283,721,208,2,851.04
1284,380,238,1,195.58
1285,643,37,4,598.43
1286,708,171,5,628.61
1287,34,152,4,513.62
1288,771,139,5,388.27
1289,556,295,2,554.49
1290,702,42,5,297.03
1291,344,29,5,216.56
1292,691,187,1,907.39
1293,114,197,3,840.03
1294,477,21,3,671.82
1295,376,90,5,676.84
1296,722,35,5,95.45
1297,727,105,2,932.1
1298,343,123,5,976.33
1299,117,245,5,107.07
1300,720,108,2,719.02
1301,329,181,3,479.59
1302,516,217,3,467.55
1303,56,33,3,748.28
1304,354,232,4,475.89
1305,514,270,1,441.96
1306,482,273,5,889.98
1307,300,232,5,475.89
1308,377,34,2,365.19
1309,469,45,1,510.14
1310,401,92,3,581.02
1311,79,56,2,964.54
1312,283,58,2,440.91
1313,509,78,2,969.15
1314,534,12,3,362.18
1315,427,278,2,473.15
1316,486,178,4,210.8
1317,455,11,3,106.7
1318,194,33,1,748.28
1319,238,267,3,649.4
1320,422,297,3,947.33
1321,672,168,4,897.72
1322,608,272,5,440.57
1323,456,235,3,310.09
1324,581,68,3,194.46
1325,176,134,2,939.54
1326,496,191,3,457.43
1327,789,25,2,686.19
1328,362,146,4,698.72
1329,171,83,5,288.82
1330,293,94,2,935.03
1331,726,79,2,170.48
1332,244,60,1,341.4
1333,325,295,2,554.49
1334,452,134,3,939.54
1335,189,106,5,268.14
1336,725,18,3,985.3
1337,353,76,3,808.98
1338,460,277,2,578.37
1339,547,155,1,674.43
1340,26,208,4,851.04
1341,787,75,4,465.31
1342,328,80,1,217.68
1343,757,280,5,636.61
1344,340,152,4,513.62
1345,297,294,2,711.23
1346,579,227,3,491.13
1347,706,58,4,440.91
1348,42,72,5,801.59
1349,120,158,1,458.14
1350,412,113,4,742.52
1351,366,48,3,541.68
1352,57,100,5,136.79
1353,540,114,3,563.1
1354,201,12,1,362.18
1355,552,229,1,450.93
1356,525,202,2,778.9
1357,503,163,5,805.09
1358,620,262,1,690.92
1359,683,185,4,670.53
1360,152,219,3,282.53
1361,396,191,1,457.43
1362,292,177,3,544.9
1363,316,229,5,450.93
1364,90,111,4,48.87
1365,760,213,4,110.01
1366,296,84,4,159.02
1367,747,213,2,110.01
1368,602,45,2,510.14
1369,213,156,4,151.62
1370,538,172,1,82.1
1371,605,193,1,835.74
1372,7,210,3,350.47
1373,425,90,5,676.84
1374,474,291,2,551.47
1375,205,96,4,673.33
1376,297,284,4,291.78
1377,44,155,5,674.43
1378,312,253,5,560.28
1379,758,238,2,195.58
1380,28,2,2,227.09
1381,269,154,4,97.92
1382,128,148,4,678.93
1383,184,252,2,89.76
1384,30,62,3,709.3
1385,505,35,5,95.45
1386,764,186,5,841.3
1387,493,290,4,761.19
1388,265,244,1,698.93
1389,383,263,5,37.48
1390,18,133,2,681.12
1391,596,30,2,885.26
1392,328,237,2,744.17
1393,366,84,1,159.02
1394,280,185,4,670.53
1395,652,183,1,490.79
1396,297,150,5,290.48
1397,655,40,5,683.3
1398,199,94,1,935.03
1399,614,86,5,749.24
1400,331,162,3,779.53
1401,278,186,1,841.3
1402,548,297,3,947.33
1403,148,7,2,224.34
1404,531,145,3,668.56
1405,798,249,4,823.01
1406,349,84,1,159.02
1407,224,80,5,217.68
1408,227,97,5,319.6
1409,629,270,5,441.96
1410,730,283,1,333.15
1411,428,236,1,722.68
1412,120,68,1,194.46
1413,492,179,3,905.31
1414,708,186,2,841.3
1415,453,268,3,76.05
1416,177,156,1,151.62
1417,763,61,2,590.5
1418,132,73,2,195.63
1419,315,65,2,670.63
1420,134,41,4,769.76
1421,708,58,1,440.91
1422,20,248,4,941.36
1423,44,101,1,879.87
1424,34,263,5,37.48
1425,61,241,1,231.35
1426,260,23,1,167.59
1427,309,6,1,563.44
1428,127,106,5,268.14
1429,205,95,3,242.49
1430,30,47,2,157.08
1431,765,143,5,625.04
1432,357,181,2,479.59
1433,513,124,5,29.66
1434,584,35,1,95.45
1435,593,8,5,810.38
1436,223,99,3,77.89
1437,176,276,1,999.57
1438,743,51,2,243.26
1439,517,244,3,698.93
1440,715,95,4,242.49
1441,690,55,2,268.73
1442,364,195,4,228.1
1443,220,264,2,704.47
1444,418,58,3,440.91
1445,127,239,1,280.12
1446,533,70,4,864.52
1447,781,185,3,670.53
1448,571,21,1,671.82
1449,336,253,1,560.28
1450,395,146,4,698.72
1451,615,160,4,402.65
1452,232,284,4,291.78
1453,298,220,2,751.72
1454,72,244,3,698.93
1455,184,7,4,224.34
1456,689,54,4,132.75
1457,449,268,1,76.05
1458,123,74,4,144.48
1459,411,53,2,978.09
1460,67,187,2,907.39
1461,347,103,5,613.62
1462,414,63,2,72.06
1463,435,256,3,308.85
1464,784,298,5,500.88
1465,280,205,3,941.76
1466,488,208,4,851.04
1467,524,143,2,625.04
1468,787,233,1,428.38
1469,126,129,4,308.66
1470,510,119,2,214.03
1471,31,51,1,243.26
1472,70,256,1,308.85
1473,184,196,5,755.46
1474,696,168,2,897.72
1475,311,50,1,116.31
1476,677,267,4,649.4
1477,478,104,3,669.52
1478,678,255,4,908.96
1479,517,134,5,939.54
1480,352,277,5,578.37
1481,19,17,4,50.6
1482,122,197,4,840.03
1483,323,193,4,835.74
1484,471,19,1,383.23
1485,182,286,3,326.66
1486,724,85,4,968.87
1487,442,69,3,357.53
1488,733,200,4,700.97
1489,783,57,5,714.38
1490,692,252,5,89.76
1491,702,277,5,578.37
1492,482,244,5,698.93
1493,161,260,1,243.67
1494,401,135,4,182.67
1495,606,194,5,750.28
1496,693,181,3,479.59
1497,329,32,1,746.26
1498,605,24,2,989.58
1499,376,179,5,905.31
1500,28,175,4,695.48
1501,100,220,3,751.72
1502,366,211,3,73.61
1503,58,126,2,270.47
1504,241,160,5,402.65
1505,87,34,3,365.19
1506,118,173,2,275.36
1507,21,276,3,999.57
1508,39,236,4,722.68
1509,582,264,4,704.47
1510,274,11,4,106.7
1511,603,12,3,362.18
1512,387,293,4,33.73
1513,331,294,1,711.23
1514,501,52,2,90.23
1515,345,255,5,908.96
1516,784,174,2,142.68
1517,630,154,3,97.92
1518,447,104,4,669.52
1519,651,39,5,971.22
1520,220,148,3,678.93
1521,49,153,5,660.56
1522,412,116,5,547.86
1523,761,48,5,541.68
1524,98,173,3,275.36
1525,69,291,5,551.47
1526,487,219,2,282.53
1527,356,40,3,683.3
1528,517,154,4,97.92
1529,680,277,3,578.37
1530,205,213,4,110.01
1531,258,264,4,704.47
1532,688,281,2,472.66
1533,20,265,2,688.95
1534,591,256,2,308.85
1535,677,240,3,980.61
1536,654,273,5,889.98
1537,788,223,5,798.84
1538,745,31,5,147.16
1539,206,187,4,907.39
1540,152,124,2,29.66
1541,765,154,4,97.92
1542,421,164,1,54.97
1543,650,105,4,932.1
1544,274,147,2,195.88
1545,263,121,4,973.97
1546,245,59,2,125.4
1547,197,15,2,554.28
1548,318,238,4,195.58
1549,574,224,4,880.92
1550,663,19,2,383.23
1551,164,140,2,258.45
1552,30,133,3,681.12
1553,675,282,2,324.45
1554,660,22,4,611.09
1555,21,29,1,216.56
1556,322,153,1,660.56
1557,417,187,1,907.39
1558,407,72,2,801.59
1559,115,293,5,33.73
1560,124,268,5,76.05
1561,794,269,3,597.07
1562,509,47,2,157.08
1563,615,63,3,72.06
1564,338,300,4,835.55
1565,767,121,4,973.97
1566,224,74,1,144.48
1567,180,110,3,96.84
1568,451,210,3,350.47
1569,604,29,4,216.56
1570,547,192,1,281.87
1571,325,280,4,636.61
1572,487,127,3,385.63
1573,149,186,4,841.3
1574,733,189,3,867.52
1575,22,18,1,985.3
1576,708,123,3,976.33
1577,566,197,3,840.03
1578,655,186,1,841.3
1579,548,122,4,926.14
1580,398,5,4,98.23
1581,262,155,1,674.43
1582,775,121,3,973.97
1583,216,83,4,288.82
1584,647,163,4,805.09
1585,35,141,1,6.68
1586,799,252,4,89.76
1587,755,212,3,17.59
1588,735,217,1,467.55
1589,165,134,5,939.54
1590,68,181,4,479.59
1591,617,281,3,472.66
1592,465,15,1,554.28
1593,657,95,4,242.49
1594,657,70,1,864.52
1595,411,103,3,613.62
1596,322,295,1,554.49
1597,114,81,2,168.81
1598,529,67,5,246.78
1599,703,211,3,73.61
1600,463,245,2,107.07
1601,267,89,5,852.09
1602,336,145,2,668.56
1603,87,213,3,110.01
1604,187,202,4,778.9
1605,585,115,1,945.33
1606,24,286,5,326.66
1607,642,118,1,367.83
1608,474,102,3,161.96
1609,719,87,1,586.26
1610,411,220,5,751.72
1611,267,77,1,55.34
1612,377,88,5,61.6
1613,121,8,5,810.38
1614,446,233,4,428.38
1615,122,115,2,945.33
1616,196,137,3,729.9
1617,765,254,4,776.82
1618,134,221,2,339.71
1619,615,111,3,48.87
1620,745,97,4,319.6
1621,185,210,2,350.47
1622,30,149,3,409.04
1623,242,231,2,309.67
1624,379,299,4,511.33
1625,88,6,4,563.44
1626,137,166,4,950.29
1627,704,109,4,507.88
1628,726,217,5,467.55
1629,263,38,1,597.91
1630,571,31,1,147.16
1631,341,121,4,973.97
1632,363,24,1,989.58
1633,260,259,5,268.32
1634,391,155,4,674.43
1635,688,190,2,263.86
1636,573,22,5,611.09
1637,184,134,2,939.54
1638,516,253,3,560.28
1639,480,68,1,194.46
1640,325,272,4,440.57
1641,146,134,1,939.54
1642,321,23,2,167.59
1643,512,144,3,721.16
1644,441,145,3,668.56
1645,628,136,5,112.86
1646,321,224,2,880.92
1647,324,252,2,89.76
1648,570,226,1,90.18
1649,194,77,1,55.34
1650,236,94,1,935.03
1651,482,134,2,939.54
1652,723,240,4,980.61
1653,119,254,1,776.82
1654,453,183,5,490.79
1655,497,235,4,310.09
1656,116,76,1,808.98
1657,358,48,2,541.68
1658,291,93,2,422.13
1659,768,261,3,160.75
1660,577,300,2,835.55
1661,598,3,5,678.32
1662,786,293,2,33.73
1663,427,40,2,683.3
1664,787,256,1,308.85
1665,337,14,3,538.55
1666,698,63,4,72.06
1667,383,55,3,268.73
1668,158,15,1,554.28
1669,472,246,4,472.05
1670,644,138,5,608.18
1671,674,3,3,678.32
1672,45,232,3,475.89
1673,750,292,2,881.44
1674,217,25,3,686.19
1675,331,29,1,216.56
1676,561,196,1,755.46
1677,409,131,2,331.62
1678,246,205,1,941.76
1679,22,107,2,275.99
1680,398,207,3,106.39
1681,663,79,1,170.48
1682,306,252,4,89.76
1683,754,159,5,719.75
1684,135,184,1,488.21
1685,377,263,2,37.48
1686,502,229,4,450.93
1687,488,138,5,608.18
1688,615,217,1,467.55
1689,775,217,3,467.55
1690,629,96,4,673.33
1691,646,219,1,282.53
1692,42,263,3,37.48
1693,475,115,2,945.33
1694,508,270,5,441.96
1695,86,149,4,409.04
1696,448,41,4,769.76
1697,308,77,2,55.34
1698,701,154,2,97.92
1699,536,219,3,282.53
1700,583,25,5,686.19
1701,79,24,5,989.58
1702,111,262,4,690.92
1703,423,49,4,600.95
1704,677,292,3,881.44
1705,364,131,5,331.62
1706,84,258,1,947.85
1707,117,237,2,744.17
1708,187,202,1,778.9
1709,86,214,3,708.77
1710,322,233,4,428.38
1711,639,136,3,112.86
1712,192,109,2,507.88
1713,81,133,1,681.12
1714,445,274,1,605.7
1715,6,203,1,112.56
1716,14,88,4,61.6
1717,472,208,5,851.04
1718,744,250,3,78.71
1719,634,185,4,670.53
1720,310,45,2,510.14
1721,139,8,2,810.38
1722,115,9,2,699.65
1723,28,108,4,719.02
1724,665,75,2,465.31
1725,447,276,2,999.57
1726,89,155,4,674.43
1727,152,243,4,277.94
1728,23,60,2,341.4
1729,157,228,4,692.16
1730,483,11,4,106.7
1731,600,125,2,783.47
1732,302,292,4,881.44
1733,53,171,1,628.61
1734,106,222,4,185.93
1735,508,297,5,947.33
1736,749,284,3,291.78
1737,38,250,4,78.71
1738,498,263,5,37.48
1739,743,250,2,78.71
1740,732,32,5,746.26
1741,20,217,5,467.55
1742,324,284,1,291.78
1743,275,214,4,708.77
1744,120,254,5,776.82
1745,662,178,4,210.8
1746,715,224,1,880.92
1747,166,148,2,678.93
1748,481,177,4,544.9
1749,238,260,2,243.67
1750,602,174,5,142.68
1751,733,240,2,980.61
1752,301,200,4,700.97
1753,690,185,4,670.53
1754,166,107,3,275.99
1755,708,45,4,510.14
1756,133,89,2,852.09
1757,161,252,1,89.76
1758,426,253,3,560.28
1759,241,108,5,719.02
1760,49,10,3,159.7
1761,268,183,2,490.79
1762,179,258,1,947.85
1763,66,173,4,275.36
1764,117,117,1,432.64
1765,576,115,4,945.33
1766,265,175,3,695.48
1767,788,24,5,989.58
1768,274,78,5,969.15
1769,619,54,1,132.75
1770,449,235,1,310.09
1771,109,53,5,978.09
1772,43,260,1,243.67
1773,172,61,2,590.5
1774,371,81,3,168.81
1775,726,227,5,491.13
1776,511,51,2,243.26
1777,663,187,3,907.39
1778,142,63,2,72.06
1779,450,213,1,110.01
1780,252,243,3,277.94
1781,294,259,2,268.32
1782,88,137,3,729.9
1783,733,213,3,110.01
1784,645,126,2,270.47
1785,772,272,4,440.57
1786,234,71,4,65.31
1787,424,210,4,350.47
1788,529,186,1,841.3
1789,454,75,1,465.31
1790,735,265,1,688.95
1791,87,174,3,142.68
1792,412,85,4,968.87
1793,63,202,1,778.9
1794,677,78,5,969.15
1795,60,267,3,649.4
1796,430,206,5,594.14
1797,312,161,3,893.2
1798,9,144,5,721.16
1799,626,76,4,808.98
1800,457,106,5,268.14
1801,640,227,3,491.13
1802,665,208,2,851.04
1803,309,44,1,972.03
1804,551,172,4,82.1
1805,743,65,5,670.63
1806,554,146,2,698.72
1807,96,262,5,690.92
1808,320,267,3,649.4
1809,776,82,1,268.88
1810,29,277,5,578.37
1811,265,124,3,29.66
1812,744,217,5,467.55
1813,114,31,3,147.16
1814,266,260,3,243.67
1815,127,25,1,686.19
1816,460,153,5,660.56
1817,755,3,4,678.32
1818,348,121,5,973.97
1819,580,274,5,605.7
1820,240,180,3,857.45
1821,292,294,2,711.23
1822,732,194,5,750.28
1823,756,127,1,385.63
1824,336,265,5,688.95
1825,198,185,4,670.53
1826,101,76,4,808.98
1827,422,42,1,297.03
1828,64,218,2,325.69
1829,488,110,4,96.84
1830,80,190,5,263.86
1831,413,287,5,865.59
1832,798,203,3,112.56
1833,599,256,4,308.85
1834,451,251,4,155.97
1835,167,74,5,144.48
1836,131,249,4,823.01
1837,133,263,5,37.48
1838,121,109,4,507.88
1839,485,17,2,50.6
1840,573,190,1,263.86
1841,617,210,1,350.47
1842,124,190,5,263.86
1843,297,21,5,671.82
1844,157,61,3,590.5
1845,313,192,3,281.87
1846,302,249,1,823.01
1847,147,73,5,195.63
1848,432,25,3,686.19
1849,291,111,2,48.87
1850,758,251,1,155.97
1851,126,281,3,472.66
1852,70,23,4,167.59
1853,493,294,3,711.23
1854,580,232,3,475.89
1855,387,244,5,698.93
1856,136,71,5,65.31
1857,652,236,4,722.68
1858,684,230,2,297.76
1859,746,167,1,831.42
1860,640,210,4,350.47
1861,239,203,3,112.56
1862,554,24,4,989.58
1863,754,143,1,625.04
1864,170,13,5,808.09
1865,646,159,5,719.75
1866,661,64,5,75.5
1867,88,99,5,77.89
1868,555,296,1,992.3
1869,584,268,2,76.05
1870,769,244,5,698.93
1871,20,62,5,709.3
1872,185,10,3,159.7
1873,211,126,5,270.47
1874,455,44,5,972.03
1875,622,165,4,459.18
1876,604,24,4,989.58
1877,24,175,4,695.48
1878,185,213,1,110.01
1879,541,163,4,805.09
1880,264,47,1,157.08
1881,102,278,2,473.15
1882,293,74,2,144.48
1883,262,46,2,842.46
1884,315,209,2,797.25
1885,61,167,2,831.42
1886,28,30,3,885.26
1887,400,51,3,243.26
1888,146,212,3,17.59
1889,265,193,1,835.74
1890,54,104,2,669.52
1891,771,122,4,926.14
1892,521,259,4,268.32
1893,118,138,1,608.18
1894,326,238,5,195.58
1895,417,34,4,365.19
1896,30,209,2,797.25
1897,20,138,5,608.18
1898,601,52,2,90.23
1899,782,285,2,457.55
1900,312,291,4,551.47
1901,457,43,5,8.23
1902,209,73,3,195.63
1903,554,87,2,586.26
1904,551,217,5,467.55
1905,463,22,1,611.09
1906,476,149,2,409.04
1907,1,31,4,147.16
1908,280,129,4,308.66
1909,360,109,5,507.88
1910,523,145,1,668.56
1911,166,274,5,605.7
1912,72,154,1,97.92
1913,405,63,2,72.06
1914,743,285,3,457.55
1915,443,108,5,719.02
1916,517,163,3,805.09
1917,651,134,4,939.54
1918,280,126,3,270.47
1919,350,108,4,719.02
1920,614,169,1,452.82
1921,709,69,1,357.53
1922,624,244,1,698.93
1923,10,89,4,852.09
1924,570,251,4,155.97
1925,552,42,1,297.03
1926,552,16,4,579.47
1927,689,64,3,75.5
1928,386,184,4,488.21
1929,182,5,1,98.23
1930,474,190,2,263.86
1931,456,5,2,98.23
1932,761,11,3,106.7
1933,697,184,2,488.21
1934,93,156,2,151.62
1935,240,253,3,560.28
1936,38,144,4,721.16
1937,721,108,1,719.02
1938,201,203,1,112.56
1939,285,292,5,881.44
1940,506,88,5,61.6
1941,199,290,5,761.19
1942,579,90,1,676.84
1943,603,66,1,724.74
1944,131,133,5,681.12
1945,234,268,3,76.05
1946,197,12,5,362.18
1947,630,130,5,28.55
1948,465,2,4,227.09
1949,657,27,3,404.16
1950,443,209,3,797.25
1951,125,266,4,428.01
1952,508,186,5,841.3
1953,778,23,2,167.59
1954,49,143,4,625.04
1955,546,230,3,297.76
1956,6,201,2,171.95
1957,343,42,5,297.03
1958,26,116,4,547.86
1959,77,128,2,226.32
1960,169,169,3,452.82
1961,65,50,1,116.31
1962,492,222,1,185.93
1963,607,172,3,82.1
1964,254,56,4,964.54
1965,245,175,1,695.48
1966,342,267,2,649.4
1967,75,225,1,558.01
1968,641,229,5,450.93
1969,128,44,1,972.03
1970,35,194,3,750.28
1971,711,34,2,365.19
1972,64,227,1,491.13
1973,309,222,1,185.93
1974,105,29,5,216.56
1975,54,151,4,467.66
1976,412,50,5,116.31
1977,771,211,2,73.61
1978,614,6,4,563.44
1979,394,238,4,195.58
1980,636,52,3,90.23
1981,667,14,4,538.55
1982,530,169,5,452.82
1983,198,56,1,964.54
1984,13,35,5,95.45
1985,199,294,2,711.23
1986,653,261,3,160.75
1987,364,216,4,617.83
1988,743,228,2,692.16
1989,249,71,1,65.31
1990,62,66,3,724.74
1991,599,224,5,880.92
1992,668,184,3,488.21
1993,598,278,2,473.15
1994,151,241,3,231.35
1995,618,176,3,68.91
1996,378,5,5,98.23
1997,601,75,1,465.31
1998,244,260,5,243.67
1999,56,217,3,467.55
2000,201,103,2,613.62
2001,71,175,2,695.48
2002,684,244,4,698.93
2003,615,170,5,840.66
2004,580,172,5,82.1
2005,307,215,3,735.13
2006,167,54,4,132.75
2007,44,254,2,776.82
2008,4,115,2,945.33
2009,478,110,2,96.84
2010,493,170,4,840.66
2011,211,205,2,941.76
2012,7,186,1,841.3
2013,76,184,1,488.21
2014,569,59,2,125.4
2015,298,226,2,90.18
2016,647,300,3,835.55
2017,45,16,2,579.47
2018,203,146,2,698.72
2019,225,135,2,182.67
2020,348,284,2,291.78
2021,183,101,1,879.87
2022,181,135,1,182.67
2023,22,71,4,65.31
2024,671,57,3,714.38
2025,216,157,4,984.02
2026,246,190,3,263.86
2027,677,88,5,61.6
2028,639,223,1,798.84
2029,122,74,2,144.48
2030,195,99,5,77.89
2031,388,192,3,281.87
2032,614,220,2,751.72
2033,48,97,5,319.6
2034,302,77,3,55.34
2035,254,28,3,913.57
2036,130,261,5,160.75
2037,501,108,1,719.02
2038,482,34,2,365.19
2039,521,199,5,566.15
2040,384,256,5,308.85
2041,476,92,3,581.02
2042,730,192,5,281.87
2043,712,248,4,941.36
2044,486,138,5,608.18
2045,411,299,1,511.33
2046,213,113,2,742.52
2047,463,121,4,973.97
2048,224,157,4,984.02
2049,387,293,2,33.73
2050,384,131,5,331.62
2051,87,69,1,357.53
2052,303,228,5,692.16
2053,361,118,5,367.83
2054,43,239,5,280.12
2055,637,173,4,275.36
2056,462,240,4,980.61
2057,419,189,4,867.52
2058,325,140,4,258.45
2059,26,92,4,581.02
2060,240,136,1,112.86
2061,368,43,3,8.23
2062,514,263,5,37.48
2063,660,41,3,769.76
2064,234,51,1,243.26
2065,74,185,1,670.53
2066,560,103,3,613.62
2067,202,169,3,452.82
2068,310,141,2,6.68
2069,723,71,5,65.31
2070,268,5,3,98.23
2071,289,178,4,210.8
2072,416,297,1,947.33
2073,484,263,2,37.48
2074,408,117,2,432.64
2075,741,108,4,719.02
2076,240,265,5,688.95
2077,566,240,4,980.61
2078,349,44,3,972.03
2079,193,220,4,751.72
2080,215,225,4,558.01
2081,572,16,3,579.47
2082,143,296,2,992.3
2083,313,5,4,98.23
2084,675,182,3,754.71
2085,231,215,4,735.13
2086,703,207,5,106.39
2087,307,167,5,831.42
2088,24,291,1,551.47
2089,143,79,3,170.48
2090,582,294,4,711.23
2091,391,105,4,932.1
2092,66,274,4,605.7
2093,193,244,1,698.93
2094,337,292,4,881.44
2095,655,156,1,151.62
2096,176,54,5,132.75
2097,182,17,5,50.6
2098,501,14,2,538.55
2099,204,36,4,157.08
2100,291,106,2,268.14
2101,299,269,1,597.07
2102,466,30,3,885.26
2103,531,6,2,563.44
2104,335,211,4,73.61
2105,161,57,2,714.38
2106,550,215,4,735.13
2107,761,36,4,157.08
2108,212,67,2,246.78
2109,318,222,4,185.93
2110,163,295,3,554.49
2111,602,104,5,669.52
2112,734,235,3,310.09
2113,207,4,2,592.54
2114,457,33,4,748.28
2115,620,127,5,385.63
2116,337,292,4,881.44
2117,472,237,5,744.17
2118,41,47,3,157.08
2119,662,234,3,355.05
2120,718,153,4,660.56
2121,628,90,4,676.84
2122,256,92,5,581.02
2123,751,222,4,185.93
2124,394,94,5,935.03
2125,98,202,1,778.9
2126,246,81,3,168.81
2127,644,276,3,999.57
2128,683,35,2,95.45
2129,506,211,5,73.61
2130,125,189,1,867.52
2131,774,54,5,132.75
2132,785,167,4,831.42
2133,462,85,3,968.87
2134,213,260,1,243.67
2135,474,14,1,538.55
2136,655,237,4,744.17
2137,352,205,2,941.76
2138,407,20,1,166.84
2139,257,59,2,125.4
2140,335,238,4,195.58
2141,473,35,1,95.45
2142,562,125,4,783.47
2143,144,242,3,19.08
2144,166,88,1,61.6
2145,622,52,2,90.23
2146,302,64,5,75.5
2147,760,201,2,171.95
2148,80,6,3,563.44
2149,158,226,3,90.18
2150,183,111,1,48.87
2151,692,273,2,889.98
2152,453,25,5,686.19
2153,657,53,4,978.09
2154,707,158,4,458.14
2155,54,3,1,678.32
2156,791,194,2,750.28
2157,256,192,2,281.87
2158,205,47,1,157.08
2159,432,15,1,554.28
2160,346,99,1,77.89
2161,226,50,2,116.31
2162,742,86,1,749.24
2163,426,263,1,37.48
2164,335,166,5,950.29
2165,642,98,5,14.27
2166,213,278,4,473.15
2167,439,62,2,709.3
2168,219,55,3,268.73
2169,332,89,1,852.09
2170,412,162,1,779.53
2171,399,109,4,507.88
2172,226,34,3,365.19
2173,666,189,1,867.52
2174,69,112,4,638.93
2175,309,256,1,308.85
2176,730,275,5,232.78
2177,176,129,1,308.66
2178,615,167,4,831.42
2179,695,69,3,357.53
2180,180,163,4,805.09
2181,70,172,1,82.1
2182,624,300,4,835.55
2183,392,262,2,690.92
2184,516,7,2,224.34
2185,22,64,3,75.5
2186,243,220,2,751.72
2187,635,41,1,769.76
2188,141,192,4,281.87
2189,304,104,2,669.52
2190,385,105,1,932.1
2191,244,228,3,692.16
2192,138,143,3,625.04
2193,660,21,5,671.82
2194,425,148,1,678.93
2195,235,170,3,840.66
2196,249,106,5,268.14
2197,56,128,2,226.32
2198,623,196,5,755.46
2199,330,94,4,935.03
2200,645,4,1,592.54
2201,504,36,2,157.08
2202,54,73,2,195.63
2203,129,47,2,157.08
2204,607,282,2,324.45
2205,242,260,1,243.67
2206,437,240,3,980.61
2207,169,102,2,161.96
2208,435,91,5,124.29
2209,255,156,3,151.62
2210,591,230,2,297.76
2211,279,247,1,188.44
2212,369,204,4,577.92
2213,172,242,4,19.08
2214,433,259,5,268.32
2215,753,222,2,185.93
2216,494,11,4,106.7
2217,438,43,3,8.23
2218,610,276,2,999.57
2219,567,90,3,676.84
2220,390,238,3,195.58
2221,465,146,4,698.72
2222,576,247,1,188.44
2223,342,70,4,864.52
2224,201,80,2,217.68
2225,5,7,5,224.34
2226,748,192,4,281.87
2227,415,213,4,110.01
2228,761,192,4,281.87
2229,502,158,5,458.14
2230,73,210,1,350.47
2231,128,198,5,242.35
2232,167,100,4,136.79
2233,262,179,5,905.31
2234,727,251,3,155.97
2235,714,30,4,885.26
2236,435,127,2,385.63
2237,490,18,3,985.3
2238,647,15,2,554.28
2239,268,234,2,355.05
2240,261,127,5,385.63
2241,593,83,1,288.82
2242,120,48,4,541.68
2243,408,42,5,297.03
2244,194,217,2,467.55
2245,438,130,3,28.55
2246,513,273,4,889.98
2247,601,158,4,458.14
2248,771,46,1,842.46
2249,652,294,3,711.23
2250,147,138,2,608.18
2251,767,204,3,577.92
2252,7,87,4,586.26
2253,2,50,1,116.31
2254,793,214,5,708.77
2255,427,148,4,678.93
2256,175,91,3,124.29
2257,191,69,2,357.53
2258,499,94,5,935.03
2259,113,231,5,309.67
2260,218,96,2,673.33
2261,61,94,2,935.03
2262,266,210,4,350.47
2263,642,56,2,964.54
2264,82,151,1,467.66
2265,387,64,3,75.5
2266,66,176,1,68.91
2267,600,121,4,973.97
2268,497,52,1,90.23
2269,63,137,1,729.9
2270,682,299,1,511.33
2271,100,109,5,507.88
2272,8,193,5,835.74
2273,533,137,4,729.9
2274,485,173,5,275.36
2275,440,173,3,275.36
2276,699,176,3,68.91
2277,246,185,4,670.53
2278,388,30,3,885.26
2279,339,52,1,90.23
2280,468,206,2,594.14
2281,27,63,5,72.06
2282,287,128,3,226.32
2283,463,244,5,698.93
2284,424,97,1,319.6
2285,654,165,1,459.18
2286,649,185,1,670.53
2287,754,167,4,831.42
2288,240,249,4,823.01
2289,757,42,3,297.03
2290,439,244,1,698.93
2291,752,198,3,242.35
2292,622,100,2,136.79
2293,533,293,5,33.73
2294,33,66,4,724.74
2295,90,155,5,674.43
2296,479,87,4,586.26
2297,119,247,5,188.44
2298,247,125,2,783.47
2299,175,46,1,842.46
2300,446,15,2,554.28
2301,335,197,3,840.03
2302,226,132,4,354.39
2303,687,64,2,75.5
2304,548,252,1,89.76
2305,709,171,2,628.61
2306,590,34,3,365.19
2307,387,196,5,755.46
2308,448,120,2,356.91
2309,266,60,3,341.4
2310,90,58,1,440.91
2311,349,97,1,319.6
2312,587,189,2,867.52
2313,321,195,5,228.1
2314,755,1,3,29.89
2315,64,275,2,232.78
2316,398,217,3,467.55
2317,790,187,2,907.39
2318,533,114,1,563.1
2319,405,5,5,98.23
2320,472,162,2,779.53
2321,304,113,4,742.52
2322,697,234,2,355.05
2323,616,146,2,698.72
2324,765,18,5,985.3
2325,328,159,5,719.75
2326,706,64,3,75.5
2327,724,294,4,711.23
2328,647,111,4,48.87
2329,299,193,1,835.74
2330,342,79,2,170.48
2331,751,116,1,547.86
2332,795,92,4,581.02
2333,745,201,3,171.95
2334,676,82,1,268.88
2335,562,201,3,171.95
2336,433,243,3,277.94
2337,776,201,4,171.95
2338,74,271,3,701.24
2339,290,100,5,136.79
2340,404,50,2,116.31
2341,332,298,1,500.88
2342,727,156,4,151.62
2343,671,84,5,159.02
2344,141,227,4,491.13
2345,299,75,2,465.31
2346,224,101,1,879.87
2347,371,295,1,554.49
2348,695,76,4,808.98
2349,438,87,1,586.26
2350,99,183,4,490.79
2351,184,27,1,404.16
2352,528,174,5,142.68
2353,445,77,4,55.34
2354,251,18,1,985.3
2355,247,204,4,577.92
2356,310,89,4,852.09
2357,795,46,4,842.46
2358,666,196,3,755.46
2359,648,228,3,692.16
2360,12,62,1,709.3
2361,85,63,4,72.06
2362,657,261,2,160.75
2363,24,294,5,711.23
2364,492,141,1,6.68
2365,608,93,4,422.13
2366,496,223,3,798.84
2367,586,65,1,670.63
2368,334,33,5,748.28
2369,190,208,1,851.04
2370,404,285,5,457.55
2371,543,251,1,155.97
2372,532,300,5,835.55
2373,731,64,2,75.5
2374,675,61,2,590.5
2375,614,93,1,422.13
2376,569,229,3,450.93
2377,126,21,2,671.82
2378,589,106,2,268.14
2379,90,288,3,416.18
2380,772,18,1,985.3
2381,128,260,3,243.67
2382,373,279,2,916.49
2383,434,1,2,29.89
2384,308,24,5,989.58
2385,301,274,4,605.7
2386,144,296,4,992.3
2387,712,161,5,893.2
2388,361,276,5,999.57
2389,215,51,1,243.26
2390,243,19,2,383.23
2391,146,154,2,97.92
2392,138,283,2,333.15
2393,606,184,3,488.21
2394,132,217,1,467.55
2395,564,131,3,331.62
2396,391,84,4,159.02
2397,468,43,3,8.23
2398,693,218,2,325.69
2399,549,105,1,932.1
2400,645,138,2,608.18
2401,732,191,5,457.43
2402,674,262,5,690.92
2403,168,215,2,735.13
2404,324,223,4,798.84
2405,27,127,1,385.63
2406,277,64,5,75.5
2407,113,281,4,472.66
2408,68,169,1,452.82
2409,372,171,3,628.61
2410,150,116,3,547.86
2411,11,51,4,243.26
2412,228,194,1,750.28
2413,127,90,5,676.84
2414,746,157,5,984.02
2415,502,49,5,600.95
2416,358,293,3,33.73
2417,565,139,5,388.27
2418,102,25,2,686.19
2419,326,200,2,700.97
2420,354,273,5,889.98
2421,609,207,4,106.39
2422,607,66,3,724.74
2423,10,263,2,37.48
2424,674,65,2,670.63
2425,388,291,3,551.47
2426,55,190,2,263.86
2427,695,215,4,735.13
2428,188,225,3,558.01
2429,480,258,3,947.85
2430,283,220,5,751.72
2431,736,118,3,367.83
2432,651,45,3,510.14
2433,417,161,1,893.2
2434,650,41,1,769.76
2435,748,123,1,976.33
2436,170,295,1,554.49
2437,87,147,5,195.88
2438,505,6,4,563.44
2439,694,261,2,160.75
2440,492,255,5,908.96
2441,702,273,1,889.98
2442,416,8,5,810.38
2443,195,4,4,592.54
2444,720,274,3,605.7
2445,251,271,5,701.24
2446,44,230,2,297.76
2447,691,269,2,597.07
2448,180,39,3,971.22
2449,137,264,3,704.47
2450,53,217,4,467.55
2451,389,88,3,61.6
2452,116,174,2,142.68
2453,553,61,3,590.5
2454,307,248,3,941.36
2455,272,110,1,96.84
2456,756,292,4,881.44
2457,223,157,5,984.02
2458,37,238,5,195.58
2459,500,30,3,885.26
2460,7,236,3,722.68
2461,306,182,1,754.71
2462,6,180,2,857.45
2463,412,182,1,754.71
2464,104,221,4,339.71
2465,203,44,5,972.03
2466,527,79,4,170.48
2467,127,250,1,78.71
2468,160,129,2,308.66
2469,482,203,3,112.56
2470,307,187,4,907.39
2471,187,275,3,232.78
2472,112,225,4,558.01
2473,166,72,3,801.59
2474,766,223,1,798.84
2475,368,102,1,161.96
2476,195,146,1,698.72
2477,137,203,4,112.56
2478,762,170,1,840.66
2479,165,102,4,161.96
2480,682,137,1,729.9
2481,432,251,5,155.97
2482,508,66,3,724.74
2483,770,205,5,941.76
2484,744,200,2,700.97
2485,113,56,1,964.54
2486,130,80,3,217.68
2487,513,7,2,224.34
2488,54,176,4,68.91
2489,612,5,4,98.23
2490,492,149,3,409.04
2491,498,43,4,8.23
2492,254,79,5,170.48
2493,192,128,3,226.32
2494,786,59,3,125.4
2495,718,127,4,385.63
2496,204,243,1,277.94
2497,718,258,5,947.85
2498,186,97,5,319.6
2499,645,77,2,55.34
2500,124,68,4,194.46
2501,40,141,2,6.68
2502,150,219,1,282.53
2503,632,103,1,613.62
2504,53,195,4,228.1
2505,538,157,2,984.02
2506,228,173,4,275.36
2507,491,32,5,746.26
2508,438,27,3,404.16
2509,113,138,3,608.18
2510,288,180,4,857.45
2511,253,164,1,54.97
2512,187,21,1,671.82
2513,54,165,2,459.18
2514,293,242,3,19.08
2515,622,52,4,90.23
2516,190,130,4,28.55
2517,373,172,3,82.1
2518,115,50,1,116.31
2519,700,283,2,333.15
2520,340,185,3,670.53
2521,761,271,5,701.24
2522,381,122,3,926.14
2523,216,300,4,835.55
2524,90,55,2,268.73
2525,645,62,1,709.3
2526,601,98,2,14.27
2527,722,229,1,450.93
2528,77,280,5,636.61
2529,352,155,4,674.43
2530,780,104,5,669.52
2531,739,79,1,170.48
2532,131,99,4,77.89
2533,564,130,5,28.55
2534,356,188,4,88.53
2535,645,61,4,590.5
2536,70,248,4,941.36
2537,537,258,1,947.85
2538,171,141,2,6.68
2539,297,24,5,989.58
2540,63,98,4,14.27
2541,507,273,5,889.98
2542,77,85,4,968.87
2543,769,261,4,160.75
2544,576,200,4,700.97
2545,622,140,2,258.45
2546,189,2,2,227.09
2547,586,112,5,638.93
2548,714,5,5,98.23
2549,467,258,5,947.85
2550,266,156,2,151.62
2551,304,138,5,608.18
2552,122,88,2,61.6
2553,47,274,2,605.7
2554,299,21,2,671.82
2555,285,69,3,357.53
2556,53,128,2,226.32
2557,548,60,1,341.4
2558,665,178,5,210.8
2559,378,167,1,831.42
2560,723,282,3,324.45
2561,740,69,4,357.53
2562,627,151,3,467.66
2563,59,6,3,563.44
2564,225,144,2,721.16
2565,263,9,5,699.65
2566,674,299,1,511.33
2567,740,196,3,755.46
2568,642,283,2,333.15
2569,453,113,3,742.52
2570,276,105,5,932.1
2571,645,203,2,112.56
2572,457,119,4,214.03
2573,378,76,4,808.98
2574,96,254,2,776.82
2575,471,95,2,242.49
2576,194,292,4,881.44
2577,747,93,3,422.13
2578,22,159,2,719.75
2579,182,202,5,778.9
2580,193,36,2,157.08
2581,74,219,2,282.53
2582,466,207,1,106.39
2583,742,270,2,441.96
2584,745,7,5,224.34
2585,103,194,4,750.28
2586,22,57,1,714.38
2587,782,23,2,167.59
2588,255,43,3,8.23
2589,147,7,1,224.34
2590,109,278,3,473.15
2591,725,44,2,972.03
2592,143,246,5,472.05
2593,455,84,3,159.02
2594,340,246,2,472.05
2595,250,29,5,216.56
2596,709,137,5,729.9
2597,127,11,1,106.7
2598,106,279,3,916.49
2599,106,262,4,690.92
2600,146,1,2,29.89
2601,25,117,4,432.64
2602,395,76,3,808.98
2603,672,147,2,195.88
2604,701,197,1,840.03
2605,504,87,1,586.26
2606,230,53,3,978.09
2607,366,40,5,683.3
2608,342,61,3,590.5
2609,87,23,5,167.59
2610,155,92,4,581.02
2611,544,172,5,82.1
2612,186,218,2,325.69
2613,684,155,5,674.43
2614,294,179,1,905.31
2615,278,256,3,308.85
2616,272,40,1,683.3
2617,153,76,3,808.98
2618,152,200,4,700.97
2619,739,245,1,107.07
2620,116,296,4,992.3
2621,745,143,2,625.04
2622,93,166,2,950.29
2623,187,198,3,242.35
2624,327,254,4,776.82
2625,493,212,5,17.59
2626,652,171,2,628.61
2627,670,126,4,270.47
2628,429,282,4,324.45
2629,552,274,4,605.7
2630,546,275,2,232.78
2631,394,43,5,8.23
2632,733,216,5,617.83
2633,592,113,1,742.52
2634,241,186,1,841.3
2635,209,9,3,699.65
2636,572,243,2,277.94
2637,113,31,3,147.16
2638,370,72,3,801.59
2639,472,74,5,144.48
2640,432,125,2,783.47
2641,230,29,2,216.56
2642,121,74,4,144.48
2643,751,14,4,538.55
2644,381,28,1,913.57
2645,679,298,1,500.88
2646,489,81,1,168.81
2647,151,188,2,88.53
2648,81,126,1,270.47
2649,13,292,4,881.44
2650,154,94,4,935.03
2651,762,72,5,801.59
2652,716,154,4,97.92
2653,422,173,4,275.36
2654,661,7,3,224.34
2655,114,80,1,217.68
2656,658,17,5,50.6
2657,770,89,5,852.09
2658,165,6,4,563.44
2659,434,233,5,428.38
2660,729,133,5,681.12
2661,514,157,2,984.02
2662,434,81,3,168.81
2663,95,268,4,76.05
2664,129,109,4,507.88
2665,634,29,2,216.56
2666,402,95,5,242.49
2667,620,40,4,683.3
2668,489,161,4,893.2
2669,390,85,1,968.87
2670,381,218,2,325.69
2671,277,56,1,964.54
2672,80,186,5,841.3
2673,798,172,1,82.1
2674,246,145,2,668.56
2675,555,55,1,268.73
2676,217,6,3,563.44
2677,193,283,2,333.15
2678,654,17,2,50.6
2679,276,44,5,972.03
2680,579,23,5,167.59
2681,496,24,1,989.58
2682,323,48,3,541.68
2683,9,183,3,490.79
2684,408,257,2,611.58
2685,323,201,3,171.95
2686,133,50,3,116.31
2687,418,258,1,947.85
2688,515,77,1,55.34
2689,602,196,4,755.46
2690,601,20,3,166.84
2691,166,78,4,969.15
2692,81,48,2,541.68
2693,221,73,2,195.63
2694,514,265,5,688.95
2695,668,268,3,76.05
2696,459,68,3,194.46
2697,298,185,5,670.53
2698,442,21,4,671.82
2699,245,107,5,275.99
2700,622,39,2,971.22
2701,581,255,1,908.96
2702,16,74,3,144.48
2703,561,45,4,510.14
2704,97,233,3,428.38
2705,174,152,2,513.62
2706,70,144,5,721.16
2707,373,181,1,479.59
2708,73,92,4,581.02
2709,265,243,3,277.94
2710,782,227,2,491.13
2711,127,292,4,881.44
2712,41,187,3,907.39
2713,411,210,5,350.47
2714,697,67,4,246.78
2715,376,263,5,37.48
2716,322,192,1,281.87
2717,699,212,5,17.59
2718,461,135,1,182.67
2719,636,30,2,885.26
2720,717,288,1,416.18
2721,159,54,3,132.75
2722,385,82,5,268.88
2723,409,38,2,597.91
2724,398,237,1,744.17
2725,358,239,4,280.12
2726,658,274,4,605.7
2727,112,44,2,972.03
2728,750,56,4,964.54
2729,787,222,2,185.93
2730,412,169,1,452.82
2731,325,176,5,68.91
2732,498,109,4,507.88
2733,118,143,4,625.04
2734,40,280,2,636.61
2735,482,75,2,465.31
2736,328,291,1,551.47
2737,616,195,1,228.1
2738,371,221,4,339.71
2739,219,28,2,913.57
2740,24,217,3,467.55
2741,259,91,1,124.29
2742,146,36,3,157.08
2743,415,42,3,297.03
2744,730,232,4,475.89
2745,538,110,3,96.84
2746,189,28,1,913.57
2747,439,176,3,68.91
2748,169,102,3,161.96
2749,430,247,4,188.44
2750,549,83,4,288.82
2751,364,293,4,33.73
2752,11,288,5,416.18
2753,204,40,5,683.3
2754,632,75,3,465.31
2755,681,163,1,805.09
2756,155,235,2,310.09
2757,512,163,1,805.09
2758,691,209,3,797.25
2759,534,2,4,227.09
2760,129,231,5,309.67
2761,100,19,2,383.23
2762,764,97,4,319.6
2763,714,280,2,636.61
2764,616,194,2,750.28
2765,357,108,2,719.02
2766,696,296,1,992.3
2767,380,187,1,907.39
2768,310,158,5,458.14
2769,128,256,4,308.85
2770,424,211,3,73.61
2771,361,278,4,473.15
2772,536,172,1,82.1
2773,181,235,4,310.09
2774,383,91,5,124.29
2775,610,84,5,159.02
2776,447,196,3,755.46
2777,676,224,3,880.92
2778,719,51,1,243.26
2779,107,46,1,842.46
2780,632,211,1,73.61
2781,509,279,1,916.49
2782,649,228,5,692.16
2783,596,17,3,50.6
2784,431,109,2,507.88
2785,796,233,5,428.38
2786,391,59,2,125.4
2787,481,64,3,75.5
2788,476,212,4,17.59
2789,8,192,2,281.87
2790,520,146,3,698.72
2791,675,136,3,112.86
2792,425,124,1,29.66
2793,425,17,1,50.6
2794,27,79,3,170.48
2795,532,163,3,805.09
2796,175,293,4,33.73
2797,248,285,4,457.55
2798,198,202,1,778.9
2799,592,220,2,751.72
2800,652,200,2,700.97
2801,413,163,5,805.09
2802,163,224,2,880.92
2803,102,65,5,670.63
2804,122,296,4,992.3
2805,781,134,5,939.54
2806,163,166,2,950.29
2807,96,48,1,541.68
2808,448,6,5,563.44
2809,157,15,5,554.28
2810,725,279,1,916.49
2811,586,196,1,755.46
2812,761,67,4,246.78
2813,650,184,2,488.21
2814,246,114,3,563.1
2815,199,275,2,232.78
2816,744,194,3,750.28
2817,676,27,3,404.16
2818,85,74,1,144.48
2819,654,297,1,947.33
2820,114,236,5,722.68
2821,126,55,2,268.73
2822,290,135,2,182.67
2823,96,40,4,683.3
2824,371,107,4,275.99
2825,104,252,1,89.76
2826,424,38,4,597.91
2827,641,40,2,683.3
2828,704,215,4,735.13
2829,322,231,2,309.67
2830,185,153,1,660.56
2831,183,291,5,551.47
2832,33,61,3,590.5
2833,356,248,5,941.36
2834,615,280,1,636.61
2835,163,268,3,76.05
2836,125,99,5,77.89
2837,31,275,1,232.78
2838,531,263,2,37.48
2839,222,187,1,907.39
2840,223,16,3,579.47
2841,142,113,1,742.52
2842,746,65,3,670.63
2843,281,247,2,188.44
2844,95,179,5,905.31
2845,668,151,4,467.66
2846,764,254,4,776.82
2847,525,205,2,941.76
2848,257,89,2,852.09
2849,704,144,4,721.16
2850,106,299,5,511.33
2851,320,85,2,968.87
2852,740,250,4,78.71
2853,457,217,5,467.55
2854,766,140,3,258.45
2855,638,56,5,964.54
2856,393,220,2,751.72
2857,581,181,3,479.59
2858,648,33,4,748.28
2859,172,18,5,985.3
2860,260,210,3,350.47
2861,619,272,3,440.57
2862,408,16,1,579.47
2863,185,166,4,950.29
2864,191,184,2,488.21
2865,75,111,3,48.87
2866,381,75,3,465.31
2867,126,5,3,98.23
2868,705,6,3,563.44
2869,219,239,5,280.12
2870,330,120,5,356.91
2871,68,198,3,242.35
2872,617,109,5,507.88
2873,223,53,5,978.09
2874,285,39,5,971.22
2875,662,216,4,617.83
2876,326,164,2,54.97
2877,202,26,4,232.9
2878,511,24,3,989.58
2879,432,62,1,709.3
2880,464,88,5,61.6
2881,335,197,2,840.03
2882,591,11,3,106.7
2883,19,295,1,554.49
2884,473,146,2,698.72
2885,413,19,5,383.23
2886,541,21,3,671.82
2887,661,9,1,699.65
2888,482,49,4,600.95
2889,741,155,3,674.43
2890,325,178,4,210.8
2891,82,285,3,457.55
2892,506,25,4,686.19
2893,306,233,4,428.38
2894,657,63,3,72.06
2895,633,53,1,978.09
2896,230,25,1,686.19
2897,143,54,3,132.75
2898,705,224,2,880.92
2899,175,46,2,842.46
2900,742,189,5,867.52
2901,6,27,3,404.16
2902,45,57,1,714.38
2903,312,39,3,971.22
2904,338,195,3,228.1
2905,716,88,2,61.6
2906,598,236,1,722.68
2907,130,164,2,54.97
2908,772,300,4,835.55
2909,653,229,1,450.93
2910,535,271,2,701.24
2911,592,245,4,107.07
2912,288,165,4,459.18
2913,232,48,3,541.68
2914,785,152,1,513.62
2915,362,286,2,326.66
2916,676,106,1,268.14
2917,77,254,1,776.82
2918,218,7,2,224.34
2919,480,198,2,242.35
2920,500,54,3,132.75
2921,214,271,5,701.24
2922,321,160,4,402.65
2923,672,79,5,170.48
2924,109,67,2,246.78
2925,373,198,4,242.35
2926,636,263,2,37.48
2927,799,205,2,941.76
2928,71,143,4,625.04
2929,169,158,5,458.14
2930,664,53,2,978.09
2931,473,55,1,268.73
2932,247,9,4,699.65
2933,192,137,1,729.9
2934,488,272,4,440.57
2935,361,136,1,112.86
2936,564,44,3,972.03
2937,442,109,2,507.88
2938,407,258,4,947.85
2939,521,171,1,628.61
2940,452,140,3,258.45
2941,101,26,4,232.9
2942,750,217,2,467.55
2943,302,97,4,319.6
2944,181,142,5,367.4
2945,623,253,5,560.28
2946,444,56,1,964.54
2947,662,128,1,226.32
2948,225,59,1,125.4
2949,37,295,3,554.49
2950,245,34,5,365.19
2951,104,142,2,367.4
2952,636,208,4,851.04
2953,403,52,2,90.23
2954,752,138,4,608.18
2955,211,88,2,61.6
2956,356,148,5,678.93
2957,295,2,1,227.09
2958,190,258,5,947.85
2959,489,157,2,984.02
2960,175,162,1,779.53
2961,171,96,3,673.33
2962,467,73,1,195.63
2963,683,243,4,277.94
2964,343,11,2,106.7
2965,271,40,2,683.3
2966,696,5,5,98.23
2967,361,243,5,277.94
2968,2,251,2,155.97
2969,484,57,1,714.38
2970,18,291,3,551.47
2971,234,269,5,597.07
2972,172,76,1,808.98
2973,103,156,3,151.62
2974,464,252,3,89.76
2975,559,132,4,354.39
2976,260,187,4,907.39
2977,14,181,3,479.59
2978,728,171,5,628.61
2979,794,248,1,941.36
2980,277,266,1,428.01
2981,152,211,2,73.61
2982,676,73,3,195.63
2983,510,16,2,579.47
2984,592,221,3,339.71
2985,212,46,2,842.46
2986,387,56,3,964.54
2987,642,279,4,916.49
2988,540,90,3,676.84
2989,696,179,3,905.31
2990,401,214,3,708.77
2991,317,98,1,14.27
2992,594,267,3,649.4
2993,628,63,4,72.06
2994,466,291,3,551.47
2995,296,57,1,714.38
2996,511,76,4,808.98
2997,698,77,5,55.34
2998,297,286,2,326.66
2999,311,250,3,78.71
3000,67,151,1,467.66
